season,set_slug,set_name,card_number,player_name,team,is_rookie,parallels
2025-26,2025-26-topps-basketball,Topps Basketball,1,Jayson Tatum,Boston Celtics,false,Base|Golden Mirror Image Variation|Clear Variation|Team Color Border Variation|Blackout Variation|Player Number Variation|Rainbow Foilboard|Gold/2025|Purple Rainbow/250|Blue Rainbow/150|Green Rainbow/99|Black/68|Gold Rainbow/50|Orange Rainbow/25|Wood/25|Black Rainbow/10|Red Rainbow/5|FoilFractor/1|First Card/1
2025-26,2025-26-topps-basketball,Topps Basketball,2,Jaylen Brown,Boston Celtics,false,Base|Golden Mirror Image Variation|Clear Variation|Team Color Border Variation|Blackout Variation|Rainbow Foilboard|Gold/2025|Purple Rainbow/250|Blue Rainbow/150|Green Rainbow/99|Black/68|Gold Rainbow/50|Orange Rainbow/25|Wood/25|Black Rainbow/10|Red Rainbow/5|FoilFractor/1|First Card/1
2025-26,2025-26-topps-basketball,Topps Basketball,3,Kristaps Porzingis,Boston Celtics,false,Base|Golden Mirror Image Variation|Clear Variation|Team Color Border Variation|Blackout Variation|Rainbow Foilboard|Gold/2025|Purple Rainbow/250|Blue Rainbow/150|Green Rainbow/99|Black/68|Gold Rainbow/50|Orange Rainbow/25|Wood/25|Black Rainbow/10|Red Rainbow/5|FoilFractor/1|First Card/1
2025-26,2025-26-topps-basketball,Topps Basketball,4,Payton Pritchard,Boston Celtics,false,Base|Golden Mirror Image Variation|Clear Variation|Team Color Border Variation|Blackout Variation|Rainbow Foilboard|Gold/2025|Purple Rainbow/250|Blue Rainbow/150|Green Rainbow/99|Black/68|Gold Rainbow/50|Orange Rainbow/25|Wood/25|Black Rainbow/10|Red Rainbow/5|FoilFractor/1|First Card/1
2025-26,2025-26-topps-basketball,Topps Basketball,5,Baylor Scheierman,Boston Celtics,false,Base|Golden Mirror Image Variation|Clear Variation|Team Color Border Variation|Blackout Variation|Rainbow Foilboard|Gold/2025|Purple Rainbow/250|Blue Rainbow/150|Green Rainbow/99|Black/68|Gold Rainbow/50|Orange Rainbow/25|Wood/25|Black Rainbow/10|Red Rainbow/5|FoilFractor/1|First Card/1
2025-26,2025-26-topps-basketball,Topps Basketball,6,Derrick White,Boston Celtics,false,Base|Golden Mirror Image Variation|Clear Variation|Team Color Border Variation|Blackout Variation|Rainbow Foilboard|Gold/2025|Purple Rainbow/250|Blue Rainbow/150|Green Rainbow/99|Black/68|Gold Rainbow/50|Orange Rainbow/25|Wood/25|Black Rainbow/10|Red Rainbow/5|FoilFractor/1|First Card/1
2025-26,2025-26-topps-basketball,Topps Basketball,7,Jrue Holiday,Boston Celtics,false,Base|Golden Mirror Image Variation|Clear Variation|Team Color Border Variation|Blackout Variation|Rainbow Foilboard|Gold/2025|Purple Rainbow/250|Blue Rainbow/150|Green Rainbow/99|Black/68|Gold Rainbow/50|Orange Rainbow/25|Wood/25|Black Rainbow/10|Red Rainbow/5|FoilFractor/1|First Card/1
2025-26,2025-26-topps-basketball,Topps Basketball,8,D'Angelo Russell,Brooklyn Nets,false,Base|Golden Mirror Image Variation|Clear Variation|Team Color Border Variation|Blackout Variation|Rainbow Foilboard|Gold/2025|Purple Rainbow/250|Blue Rainbow/150|Green Rainbow/99|Black/68|Gold Rainbow/50|Orange Rainbow/25|Wood/25|Black Rainbow/10|Red Rainbow/5|FoilFractor/1|First Card/1
2025-26,2025-26-topps-basketball,Topps Basketball,9,Ziaire Williams,Brooklyn Nets,false,Base|Golden Mirror Image Variation|Clear Variation|Team Color Border Variation|Blackout Variation|Rainbow Foilboard|Gold/2025|Purple Rainbow/250|Blue Rainbow/150|Green Rainbow/99|Black/68|Gold Rainbow/50|Orange Rainbow/25|Wood/25|Black Rainbow/10|Red Rainbow/5|FoilFractor/1|First Card/1
2025-26,2025-26-topps-basketball,Topps Basketball,10,Nic Claxton,Brooklyn Nets,false,Base|Golden Mirror Image Variation|Clear Variation|Team Color Border Variation|Blackout Variation|Rainbow Foilboard|Gold/2025|Purple Rainbow/250|Blue Rainbow/150|Green Rainbow/99|Black/68|Gold Rainbow/50|Orange Rainbow/25|Wood/25|Black Rainbow/10|Red Rainbow/5|FoilFractor/1|First Card/1
2025-26,2025-26-topps-basketball,Topps Basketball,11,Cam Thomas,Brooklyn Nets,false,Base|Golden Mirror Image Variation|Clear Variation|Team Color Border Variation|Blackout Variation|Rainbow Foilboard|Gold/2025|Purple Rainbow/250|Blue Rainbow/150|Green Rainbow/99|Black/68|Gold Rainbow/50|Orange Rainbow/25|Wood/25|Black Rainbow/10|Red Rainbow/5|FoilFractor/1|First Card/1
2025-26,2025-26-topps-basketball,Topps Basketball,12,Jalen Wilson,Brooklyn Nets,false,Base|Golden Mirror Image Variation|Clear Variation|Team Color Border Variation|Blackout Variation|Rainbow Foilboard|Gold/2025|Purple Rainbow/250|Blue Rainbow/150|Green Rainbow/99|Black/68|Gold Rainbow/50|Orange Rainbow/25|Wood/25|Black Rainbow/10|Red Rainbow/5|FoilFractor/1|First Card/1
2025-26,2025-26-topps-basketball,Topps Basketball,13,Cameron Johnson,Brooklyn Nets,false,Base|Golden Mirror Image Variation|Clear Variation|Team Color Border Variation|Blackout Variation|Rainbow Foilboard|Gold/2025|Purple Rainbow/250|Blue Rainbow/150|Green Rainbow/99|Black/68|Gold Rainbow/50|Orange Rainbow/25|Wood/25|Black Rainbow/10|Red Rainbow/5|FoilFractor/1|First Card/1
2025-26,2025-26-topps-basketball,Topps Basketball,14,Jalen Brunson,New York Knicks,false,Base|Golden Mirror Image Variation|Clear Variation|Team Color Border Variation|Blackout Variation|Player Number Variation|Rainbow Foilboard|Gold/2025|Purple Rainbow/250|Blue Rainbow/150|Green Rainbow/99|Black/68|Gold Rainbow/50|Orange Rainbow/25|Wood/25|Black Rainbow/10|Red Rainbow/5|FoilFractor/1|First Card/1
2025-26,2025-26-topps-basketball,Topps Basketball,15,OG Anunoby,New York Knicks,false,Base|Golden Mirror Image Variation|Clear Variation|Team Color Border Variation|Blackout Variation|Rainbow Foilboard|Gold/2025|Purple Rainbow/250|Blue Rainbow/150|Green Rainbow/99|Black/68|Gold Rainbow/50|Orange Rainbow/25|Wood/25|Black Rainbow/10|Red Rainbow/5|FoilFractor/1|First Card/1
2025-26,2025-26-topps-basketball,Topps Basketball,16,Josh Hart,New York Knicks,false,Base|Golden Mirror Image Variation|Clear Variation|Team Color Border Variation|Blackout Variation|Rainbow Foilboard|Gold/2025|Purple Rainbow/250|Blue Rainbow/150|Green Rainbow/99|Black/68|Gold Rainbow/50|Orange Rainbow/25|Wood/25|Black Rainbow/10|Red Rainbow/5|FoilFractor/1|First Card/1
2025-26,2025-26-topps-basketball,Topps Basketball,17,Miles McBride,New York Knicks,false,Base|Golden Mirror Image Variation|Clear Variation|Team Color Border Variation|Blackout Variation|Rainbow Foilboard|Gold/2025|Purple Rainbow/250|Blue Rainbow/150|Green Rainbow/99|Black/68|Gold Rainbow/50|Orange Rainbow/25|Wood/25|Black Rainbow/10|Red Rainbow/5|FoilFractor/1|First Card/1
2025-26,2025-26-topps-basketball,Topps Basketball,18,Mikal Bridges,New York Knicks,false,Base|Golden Mirror Image Variation|Clear Variation|Team Color Border Variation|Blackout Variation|Rainbow Foilboard|Gold/2025|Purple Rainbow/250|Blue Rainbow/150|Green Rainbow/99|Black/68|Gold Rainbow/50|Orange Rainbow/25|Wood/25|Black Rainbow/10|Red Rainbow/5|FoilFractor/1|First Card/1
2025-26,2025-26-topps-basketball,Topps Basketball,19,Karl-Anthony Towns,New York Knicks,false,Base|Golden Mirror Image Variation|Clear Variation|Team Color Border Variation|Blackout Variation|Rainbow Foilboard|Gold/2025|Purple Rainbow/250|Blue Rainbow/150|Green Rainbow/99|Black/68|Gold Rainbow/50|Orange Rainbow/25|Wood/25|Black Rainbow/10|Red Rainbow/5|FoilFractor/1|First Card/1
2025-26,2025-26-topps-basketball,Topps Basketball,20,Tyler Kolek,New York Knicks,false,Base|Golden Mirror Image Variation|Clear Variation|Team Color Border Variation|Blackout Variation|Rainbow Foilboard|Gold/2025|Purple Rainbow/250|Blue Rainbow/150|Green Rainbow/99|Black/68|Gold Rainbow/50|Orange Rainbow/25|Wood/25|Black Rainbow/10|Red Rainbow/5|FoilFractor/1|First Card/1
2025-26,2025-26-topps-basketball,Topps Basketball,21,Tyrese Maxey,Philadelphia 76ers,false,Base|Golden Mirror Image Variation|Clear Variation|Team Color Border Variation|Blackout Variation|Rainbow Foilboard|Gold/2025|Purple Rainbow/250|Blue Rainbow/150|Green Rainbow/99|Black/68|Gold Rainbow/50|Orange Rainbow/25|Wood/25|Black Rainbow/10|Red Rainbow/5|FoilFractor/1|First Card/1
2025-26,2025-26-topps-basketball,Topps Basketball,22,Joel Embiid,Philadelphia 76ers,false,Base|Golden Mirror Image Variation|Clear Variation|Team Color Border Variation|Blackout Variation|Rainbow Foilboard|Gold/2025|Purple Rainbow/250|Blue Rainbow/150|Green Rainbow/99|Black/68|Gold Rainbow/50|Orange Rainbow/25|Wood/25|Black Rainbow/10|Red Rainbow/5|FoilFractor/1|First Card/1
2025-26,2025-26-topps-basketball,Topps Basketball,23,Paul George,Philadelphia 76ers,false,Base|Golden Mirror Image Variation|Clear Variation|Team Color Border Variation|Blackout Variation|Rainbow Foilboard|Gold/2025|Purple Rainbow/250|Blue Rainbow/150|Green Rainbow/99|Black/68|Gold Rainbow/50|Orange Rainbow/25|Wood/25|Black Rainbow/10|Red Rainbow/5|FoilFractor/1|First Card/1
2025-26,2025-26-topps-basketball,Topps Basketball,24,Jared McCain,Philadelphia 76ers,false,Base|Golden Mirror Image Variation|Clear Variation|Team Color Border Variation|Blackout Variation|Player Number Variation|Rainbow Foilboard|Gold/2025|Purple Rainbow/250|Blue Rainbow/150|Green Rainbow/99|Black/68|Gold Rainbow/50|Orange Rainbow/25|Wood/25|Black Rainbow/10|Red Rainbow/5|FoilFractor/1|First Card/1
2025-26,2025-26-topps-basketball,Topps Basketball,25,Quentin Grimes,Philadelphia 76ers,false,Base|Golden Mirror Image Variation|Clear Variation|Team Color Border Variation|Blackout Variation|Rainbow Foilboard|Gold/2025|Purple Rainbow/250|Blue Rainbow/150|Green Rainbow/99|Black/68|Gold Rainbow/50|Orange Rainbow/25|Wood/25|Black Rainbow/10|Red Rainbow/5|FoilFractor/1|First Card/1
2025-26,2025-26-topps-basketball,Topps Basketball,26,Guerschon Yabusele,Philadelphia 76ers,false,Base|Golden Mirror Image Variation|Clear Variation|Team Color Border Variation|Blackout Variation|Rainbow Foilboard|Gold/2025|Purple Rainbow/250|Blue Rainbow/150|Green Rainbow/99|Black/68|Gold Rainbow/50|Orange Rainbow/25|Wood/25|Black Rainbow/10|Red Rainbow/5|FoilFractor/1|First Card/1
2025-26,2025-26-topps-basketball,Topps Basketball,27,Kelly Oubre Jr.,Philadelphia 76ers,false,Base|Golden Mirror Image Variation|Clear Variation|Team Color Border Variation|Blackout Variation|Rainbow Foilboard|Gold/2025|Purple Rainbow/250|Blue Rainbow/150|Green Rainbow/99|Black/68|Gold Rainbow/50|Orange Rainbow/25|Wood/25|Black Rainbow/10|Red Rainbow/5|FoilFractor/1|First Card/1
2025-26,2025-26-topps-basketball,Topps Basketball,28,Gradey Dick,Toronto Raptors,false,Base|Golden Mirror Image Variation|Clear Variation|Team Color Border Variation|Blackout Variation|Rainbow Foilboard|Gold/2025|Purple Rainbow/250|Blue Rainbow/150|Green Rainbow/99|Black/68|Gold Rainbow/50|Orange Rainbow/25|Wood/25|Black Rainbow/10|Red Rainbow/5|FoilFractor/1|First Card/1
2025-26,2025-26-topps-basketball,Topps Basketball,29,Jonathan Mogbo,Toronto Raptors,false,Base|Golden Mirror Image Variation|Clear Variation|Team Color Border Variation|Blackout Variation|Rainbow Foilboard|Gold/2025|Purple Rainbow/250|Blue Rainbow/150|Green Rainbow/99|Black/68|Gold Rainbow/50|Orange Rainbow/25|Wood/25|Black Rainbow/10|Red Rainbow/5|FoilFractor/1|First Card/1
2025-26,2025-26-topps-basketball,Topps Basketball,30,Brandon Ingram,Toronto Raptors,false,Base|Golden Mirror Image Variation|Clear Variation|Team Color Border Variation|Blackout Variation|Rainbow Foilboard|Gold/2025|Purple Rainbow/250|Blue Rainbow/150|Green Rainbow/99|Black/68|Gold Rainbow/50|Orange Rainbow/25|Wood/25|Black Rainbow/10|Red Rainbow/5|FoilFractor/1|First Card/1
2025-26,2025-26-topps-basketball,Topps Basketball,31,Scottie Barnes,Toronto Raptors,false,Base|Golden Mirror Image Variation|Clear Variation|Team Color Border Variation|Blackout Variation|Rainbow Foilboard|Gold/2025|Purple Rainbow/250|Blue Rainbow/150|Green Rainbow/99|Black/68|Gold Rainbow/50|Orange Rainbow/25|Wood/25|Black Rainbow/10|Red Rainbow/5|FoilFractor/1|First Card/1
2025-26,2025-26-topps-basketball,Topps Basketball,32,Immanuel Quickley,Toronto Raptors,false,Base|Golden Mirror Image Variation|Clear Variation|Team Color Border Variation|Blackout Variation|Rainbow Foilboard|Gold/2025|Purple Rainbow/250|Blue Rainbow/150|Green Rainbow/99|Black/68|Gold Rainbow/50|Orange Rainbow/25|Wood/25|Black Rainbow/10|Red Rainbow/5|FoilFractor/1|First Card/1
2025-26,2025-26-topps-basketball,Topps Basketball,33,RJ Barrett,Toronto Raptors,false,Base|Golden Mirror Image Variation|Clear Variation|Team Color Border Variation|Blackout Variation|Rainbow Foilboard|Gold/2025|Purple Rainbow/250|Blue Rainbow/150|Green Rainbow/99|Black/68|Gold Rainbow/50|Orange Rainbow/25|Wood/25|Black Rainbow/10|Red Rainbow/5|FoilFractor/1|First Card/1
2025-26,2025-26-topps-basketball,Topps Basketball,34,Coby White,Chicago Bulls,false,Base|Golden Mirror Image Variation|Clear Variation|Team Color Border Variation|Blackout Variation|Rainbow Foilboard|Gold/2025|Purple Rainbow/250|Blue Rainbow/150|Green Rainbow/99|Black/68|Gold Rainbow/50|Orange Rainbow/25|Wood/25|Black Rainbow/10|Red Rainbow/5|FoilFractor/1|First Card/1
2025-26,2025-26-topps-basketball,Topps Basketball,35,Josh Giddey,Chicago Bulls,false,Base|Golden Mirror Image Variation|Clear Variation|Team Color Border Variation|Blackout Variation|Rainbow Foilboard|Gold/2025|Purple Rainbow/250|Blue Rainbow/150|Green Rainbow/99|Black/68|Gold Rainbow/50|Orange Rainbow/25|Wood/25|Black Rainbow/10|Red Rainbow/5|FoilFractor/1|First Card/1
2025-26,2025-26-topps-basketball,Topps Basketball,36,Nikola Vučević,Chicago Bulls,false,Base|Golden Mirror Image Variation|Clear Variation|Team Color Border Variation|Blackout Variation|Rainbow Foilboard|Gold/2025|Purple Rainbow/250|Blue Rainbow/150|Green Rainbow/99|Black/68|Gold Rainbow/50|Orange Rainbow/25|Wood/25|Black Rainbow/10|Red Rainbow/5|FoilFractor/1|First Card/1
2025-26,2025-26-topps-basketball,Topps Basketball,37,Matas Buzelis,Chicago Bulls,false,Base|Golden Mirror Image Variation|Clear Variation|Team Color Border Variation|Blackout Variation|Rainbow Foilboard|Gold/2025|Purple Rainbow/250|Blue Rainbow/150|Green Rainbow/99|Black/68|Gold Rainbow/50|Orange Rainbow/25|Wood/25|Black Rainbow/10|Red Rainbow/5|FoilFractor/1|First Card/1
2025-26,2025-26-topps-basketball,Topps Basketball,38,Patrick Williams,Chicago Bulls,false,Base|Golden Mirror Image Variation|Clear Variation|Team Color Border Variation|Blackout Variation|Rainbow Foilboard|Gold/2025|Purple Rainbow/250|Blue Rainbow/150|Green Rainbow/99|Black/68|Gold Rainbow/50|Orange Rainbow/25|Wood/25|Black Rainbow/10|Red Rainbow/5|FoilFractor/1|First Card/1
2025-26,2025-26-topps-basketball,Topps Basketball,39,Lonzo Ball,Chicago Bulls,false,Base|Golden Mirror Image Variation|Clear Variation|Team Color Border Variation|Blackout Variation|Rainbow Foilboard|Gold/2025|Purple Rainbow/250|Blue Rainbow/150|Green Rainbow/99|Black/68|Gold Rainbow/50|Orange Rainbow/25|Wood/25|Black Rainbow/10|Red Rainbow/5|FoilFractor/1|First Card/1
2025-26,2025-26-topps-basketball,Topps Basketball,40,Cade Cunningham,Detroit Pistons,false,Base|Golden Mirror Image Variation|Clear Variation|Team Color Border Variation|Blackout Variation|Player Number Variation|Rainbow Foilboard|Gold/2025|Purple Rainbow/250|Blue Rainbow/150|Green Rainbow/99|Black/68|Gold Rainbow/50|Orange Rainbow/25|Wood/25|Black Rainbow/10|Red Rainbow/5|FoilFractor/1|First Card/1
2025-26,2025-26-topps-basketball,Topps Basketball,41,Jalen Duren,Detroit Pistons,false,Base|Golden Mirror Image Variation|Clear Variation|Team Color Border Variation|Blackout Variation|Rainbow Foilboard|Gold/2025|Purple Rainbow/250|Blue Rainbow/150|Green Rainbow/99|Black/68|Gold Rainbow/50|Orange Rainbow/25|Wood/25|Black Rainbow/10|Red Rainbow/5|FoilFractor/1|First Card/1
2025-26,2025-26-topps-basketball,Topps Basketball,42,Ron Holland II,Detroit Pistons,false,Base|Golden Mirror Image Variation|Clear Variation|Team Color Border Variation|Blackout Variation|Rainbow Foilboard|Gold/2025|Purple Rainbow/250|Blue Rainbow/150|Green Rainbow/99|Black/68|Gold Rainbow/50|Orange Rainbow/25|Wood/25|Black Rainbow/10|Red Rainbow/5|FoilFractor/1|First Card/1
2025-26,2025-26-topps-basketball,Topps Basketball,43,Malik Beasley,Detroit Pistons,false,Base|Golden Mirror Image Variation|Clear Variation|Team Color Border Variation|Blackout Variation|Rainbow Foilboard|Gold/2025|Purple Rainbow/250|Blue Rainbow/150|Green Rainbow/99|Black/68|Gold Rainbow/50|Orange Rainbow/25|Wood/25|Black Rainbow/10|Red Rainbow/5|FoilFractor/1|First Card/1
2025-26,2025-26-topps-basketball,Topps Basketball,44,Ausar Thompson,Detroit Pistons,false,Base|Golden Mirror Image Variation|Clear Variation|Team Color Border Variation|Blackout Variation|Rainbow Foilboard|Gold/2025|Purple Rainbow/250|Blue Rainbow/150|Green Rainbow/99|Black/68|Gold Rainbow/50|Orange Rainbow/25|Wood/25|Black Rainbow/10|Red Rainbow/5|FoilFractor/1|First Card/1
2025-26,2025-26-topps-basketball,Topps Basketball,45,Jaden Ivey,Detroit Pistons,false,Base|Golden Mirror Image Variation|Clear Variation|Team Color Border Variation|Blackout Variation|Rainbow Foilboard|Gold/2025|Purple Rainbow/250|Blue Rainbow/150|Green Rainbow/99|Black/68|Gold Rainbow/50|Orange Rainbow/25|Wood/25|Black Rainbow/10|Red Rainbow/5|FoilFractor/1|First Card/1
2025-26,2025-26-topps-basketball,Topps Basketball,46,Marcus Sasser,Detroit Pistons,false,Base|Golden Mirror Image Variation|Clear Variation|Team Color Border Variation|Blackout Variation|Rainbow Foilboard|Gold/2025|Purple Rainbow/250|Blue Rainbow/150|Green Rainbow/99|Black/68|Gold Rainbow/50|Orange Rainbow/25|Wood/25|Black Rainbow/10|Red Rainbow/5|FoilFractor/1|First Card/1
2025-26,2025-26-topps-basketball,Topps Basketball,47,Tyrese Haliburton,Indiana Pacers,false,Base|Golden Mirror Image Variation|Clear Variation|Team Color Border Variation|Blackout Variation|Player Number Variation|Rainbow Foilboard|Gold/2025|Purple Rainbow/250|Blue Rainbow/150|Green Rainbow/99|Black/68|Gold Rainbow/50|Orange Rainbow/25|Wood/25|Black Rainbow/10|Red Rainbow/5|FoilFractor/1|First Card/1
2025-26,2025-26-topps-basketball,Topps Basketball,48,Bennedict Mathurin,Indiana Pacers,false,Base|Golden Mirror Image Variation|Clear Variation|Team Color Border Variation|Blackout Variation|Rainbow Foilboard|Gold/2025|Purple Rainbow/250|Blue Rainbow/150|Green Rainbow/99|Black/68|Gold Rainbow/50|Orange Rainbow/25|Wood/25|Black Rainbow/10|Red Rainbow/5|FoilFractor/1|First Card/1
2025-26,2025-26-topps-basketball,Topps Basketball,49,Myles Turner,Indiana Pacers,false,Base|Golden Mirror Image Variation|Clear Variation|Team Color Border Variation|Blackout Variation|Rainbow Foilboard|Gold/2025|Purple Rainbow/250|Blue Rainbow/150|Green Rainbow/99|Black/68|Gold Rainbow/50|Orange Rainbow/25|Wood/25|Black Rainbow/10|Red Rainbow/5|FoilFractor/1|First Card/1
2025-26,2025-26-topps-basketball,Topps Basketball,50,Jarace Walker,Indiana Pacers,false,Base|Golden Mirror Image Variation|Clear Variation|Team Color Border Variation|Blackout Variation|Rainbow Foilboard|Gold/2025|Purple Rainbow/250|Blue Rainbow/150|Green Rainbow/99|Black/68|Gold Rainbow/50|Orange Rainbow/25|Wood/25|Black Rainbow/10|Red Rainbow/5|FoilFractor/1|First Card/1
2025-26,2025-26-topps-basketball,Topps Basketball,51,Obi Toppin,Indiana Pacers,false,Base|Blackout Variation|Rainbow Foilboard|Gold/2025|Purple Rainbow/250|Blue Rainbow/150|Green Rainbow/99|Black/68|Gold Rainbow/50|Orange Rainbow/25|Wood/25|Black Rainbow/10|Red Rainbow/5|FoilFractor/1|First Card/1
2025-26,2025-26-topps-basketball,Topps Basketball,52,Andrew Nembhard,Indiana Pacers,false,Base|Golden Mirror Image Variation|Clear Variation|Team Color Border Variation|Blackout Variation|Rainbow Foilboard|Gold/2025|Purple Rainbow/250|Blue Rainbow/150|Green Rainbow/99|Black/68|Gold Rainbow/50|Orange Rainbow/25|Wood/25|Black Rainbow/10|Red Rainbow/5|FoilFractor/1|First Card/1
2025-26,2025-26-topps-basketball,Topps Basketball,53,Pascal Siakam,Indiana Pacers,false,Base|Blackout Variation|Rainbow Foilboard|Gold/2025|Purple Rainbow/250|Blue Rainbow/150|Green Rainbow/99|Black/68|Gold Rainbow/50|Orange Rainbow/25|Wood/25|Black Rainbow/10|Red Rainbow/5|FoilFractor/1|First Card/1
2025-26,2025-26-topps-basketball,Topps Basketball,54,Giannis Antetokounmpo,Milwaukee Bucks,false,Base|Golden Mirror Image Variation|Clear Variation|Team Color Border Variation|Blackout Variation|Player Number Variation|Rainbow Foilboard|Gold/2025|Purple Rainbow/250|Blue Rainbow/150|Green Rainbow/99|Black/68|Gold Rainbow/50|Orange Rainbow/25|Wood/25|Black Rainbow/10|Red Rainbow/5|FoilFractor/1|First Card/1
2025-26,2025-26-topps-basketball,Topps Basketball,55,Damian Lillard,Milwaukee Bucks,false,Base|Golden Mirror Image Variation|Clear Variation|Team Color Border Variation|Blackout Variation|Rainbow Foilboard|Gold/2025|Purple Rainbow/250|Blue Rainbow/150|Green Rainbow/99|Black/68|Gold Rainbow/50|Orange Rainbow/25|Wood/25|Black Rainbow/10|Red Rainbow/5|FoilFractor/1|First Card/1
2025-26,2025-26-topps-basketball,Topps Basketball,56,Kyle Kuzma,Milwaukee Bucks,false,Base|Golden Mirror Image Variation|Clear Variation|Team Color Border Variation|Blackout Variation|Rainbow Foilboard|Gold/2025|Purple Rainbow/250|Blue Rainbow/150|Green Rainbow/99|Black/68|Gold Rainbow/50|Orange Rainbow/25|Wood/25|Black Rainbow/10|Red Rainbow/5|FoilFractor/1|First Card/1
2025-26,2025-26-topps-basketball,Topps Basketball,57,AJ Green,Milwaukee Bucks,false,Base|Golden Mirror Image Variation|Clear Variation|Team Color Border Variation|Blackout Variation|Rainbow Foilboard|Gold/2025|Purple Rainbow/250|Blue Rainbow/150|Green Rainbow/99|Black/68|Gold Rainbow/50|Orange Rainbow/25|Wood/25|Black Rainbow/10|Red Rainbow/5|FoilFractor/1|First Card/1
2025-26,2025-26-topps-basketball,Topps Basketball,58,Brook Lopez,Milwaukee Bucks,false,Base|Golden Mirror Image Variation|Clear Variation|Team Color Border Variation|Blackout Variation|Rainbow Foilboard|Gold/2025|Purple Rainbow/250|Blue Rainbow/150|Green Rainbow/99|Black/68|Gold Rainbow/50|Orange Rainbow/25|Wood/25|Black Rainbow/10|Red Rainbow/5|FoilFractor/1|First Card/1
2025-26,2025-26-topps-basketball,Topps Basketball,59,Gary Trent Jr.,Milwaukee Bucks,false,Base|Golden Mirror Image Variation|Clear Variation|Team Color Border Variation|Blackout Variation|Rainbow Foilboard|Gold/2025|Purple Rainbow/250|Blue Rainbow/150|Green Rainbow/99|Black/68|Gold Rainbow/50|Orange Rainbow/25|Wood/25|Black Rainbow/10|Red Rainbow/5|FoilFractor/1|First Card/1
2025-26,2025-26-topps-basketball,Topps Basketball,60,Tyler Smith,Milwaukee Bucks,false,Base|Golden Mirror Image Variation|Clear Variation|Team Color Border Variation|Blackout Variation|Rainbow Foilboard|Gold/2025|Purple Rainbow/250|Blue Rainbow/150|Green Rainbow/99|Black/68|Gold Rainbow/50|Orange Rainbow/25|Wood/25|Black Rainbow/10|Red Rainbow/5|FoilFractor/1|First Card/1
2025-26,2025-26-topps-basketball,Topps Basketball,61,Trae Young,Atlanta Hawks,false,Base|Golden Mirror Image Variation|Clear Variation|Team Color Border Variation|Blackout Variation|Player Number Variation|Rainbow Foilboard|Gold/2025|Purple Rainbow/250|Blue Rainbow/150|Green Rainbow/99|Black/68|Gold Rainbow/50|Orange Rainbow/25|Wood/25|Black Rainbow/10|Red Rainbow/5|FoilFractor/1|First Card/1
2025-26,2025-26-topps-basketball,Topps Basketball,62,Zaccharie Risacher,Atlanta Hawks,false,Base|Golden Mirror Image Variation|Clear Variation|Team Color Border Variation|Blackout Variation|Rainbow Foilboard|Gold/2025|Purple Rainbow/250|Blue Rainbow/150|Green Rainbow/99|Black/68|Gold Rainbow/50|Orange Rainbow/25|Wood/25|Black Rainbow/10|Red Rainbow/5|FoilFractor/1|First Card/1
2025-26,2025-26-topps-basketball,Topps Basketball,63,Clint Capela,Atlanta Hawks,false,Base|Golden Mirror Image Variation|Clear Variation|Team Color Border Variation|Blackout Variation|Rainbow Foilboard|Gold/2025|Purple Rainbow/250|Blue Rainbow/150|Green Rainbow/99|Black/68|Gold Rainbow/50|Orange Rainbow/25|Wood/25|Black Rainbow/10|Red Rainbow/5|FoilFractor/1|First Card/1
2025-26,2025-26-topps-basketball,Topps Basketball,64,Dyson Daniels,Atlanta Hawks,false,Base|Golden Mirror Image Variation|Clear Variation|Team Color Border Variation|Blackout Variation|Rainbow Foilboard|Gold/2025|Purple Rainbow/250|Blue Rainbow/150|Green Rainbow/99|Black/68|Gold Rainbow/50|Orange Rainbow/25|Wood/25|Black Rainbow/10|Red Rainbow/5|FoilFractor/1|First Card/1
2025-26,2025-26-topps-basketball,Topps Basketball,65,Jalen Johnson,Atlanta Hawks,false,Base|Golden Mirror Image Variation|Clear Variation|Team Color Border Variation|Blackout Variation|Rainbow Foilboard|Gold/2025|Purple Rainbow/250|Blue Rainbow/150|Green Rainbow/99|Black/68|Gold Rainbow/50|Orange Rainbow/25|Wood/25|Black Rainbow/10|Red Rainbow/5|FoilFractor/1|First Card/1
2025-26,2025-26-topps-basketball,Topps Basketball,66,Onyeka Okongwu,Atlanta Hawks,false,Base|Golden Mirror Image Variation|Clear Variation|Team Color Border Variation|Blackout Variation|Rainbow Foilboard|Gold/2025|Purple Rainbow/250|Blue Rainbow/150|Green Rainbow/99|Black/68|Gold Rainbow/50|Orange Rainbow/25|Wood/25|Black Rainbow/10|Red Rainbow/5|FoilFractor/1|First Card/1
2025-26,2025-26-topps-basketball,Topps Basketball,67,LaMelo Ball,Charlotte Hornets,false,Base|Golden Mirror Image Variation|Clear Variation|Team Color Border Variation|Blackout Variation|Player Number Variation|Rainbow Foilboard|Gold/2025|Purple Rainbow/250|Blue Rainbow/150|Green Rainbow/99|Black/68|Gold Rainbow/50|Orange Rainbow/25|Wood/25|Black Rainbow/10|Red Rainbow/5|FoilFractor/1|First Card/1
2025-26,2025-26-topps-basketball,Topps Basketball,68,Brandon Miller,Charlotte Hornets,false,Base|Golden Mirror Image Variation|Clear Variation|Team Color Border Variation|Blackout Variation|Rainbow Foilboard|Gold/2025|Purple Rainbow/250|Blue Rainbow/150|Green Rainbow/99|Black/68|Gold Rainbow/50|Orange Rainbow/25|Wood/25|Black Rainbow/10|Red Rainbow/5|FoilFractor/1|First Card/1
2025-26,2025-26-topps-basketball,Topps Basketball,69,Miles Bridges,Charlotte Hornets,false,Base|Golden Mirror Image Variation|Clear Variation|Team Color Border Variation|Blackout Variation|Rainbow Foilboard|Gold/2025|Purple Rainbow/250|Blue Rainbow/150|Green Rainbow/99|Black/68|Gold Rainbow/50|Orange Rainbow/25|Wood/25|Black Rainbow/10|Red Rainbow/5|FoilFractor/1|First Card/1
2025-26,2025-26-topps-basketball,Topps Basketball,70,Mark Williams,Charlotte Hornets,false,Base|Golden Mirror Image Variation|Clear Variation|Team Color Border Variation|Blackout Variation|Rainbow Foilboard|Gold/2025|Purple Rainbow/250|Blue Rainbow/150|Green Rainbow/99|Black/68|Gold Rainbow/50|Orange Rainbow/25|Wood/25|Black Rainbow/10|Red Rainbow/5|FoilFractor/1|First Card/1
2025-26,2025-26-topps-basketball,Topps Basketball,71,Tidjane Salaün,Charlotte Hornets,false,Base|Golden Mirror Image Variation|Clear Variation|Team Color Border Variation|Blackout Variation|Rainbow Foilboard|Gold/2025|Purple Rainbow/250|Blue Rainbow/150|Green Rainbow/99|Black/68|Gold Rainbow/50|Orange Rainbow/25|Wood/25|Black Rainbow/10|Red Rainbow/5|FoilFractor/1|First Card/1
2025-26,2025-26-topps-basketball,Topps Basketball,72,Nick Smith Jr.,Charlotte Hornets,false,Base|Golden Mirror Image Variation|Clear Variation|Team Color Border Variation|Blackout Variation|Rainbow Foilboard|Gold/2025|Purple Rainbow/250|Blue Rainbow/150|Green Rainbow/99|Black/68|Gold Rainbow/50|Orange Rainbow/25|Wood/25|Black Rainbow/10|Red Rainbow/5|FoilFractor/1|First Card/1
2025-26,2025-26-topps-basketball,Topps Basketball,73,Tyler Herro,Miami Heat,false,Base|Golden Mirror Image Variation|Clear Variation|Team Color Border Variation|Blackout Variation|Player Number Variation|Rainbow Foilboard|Gold/2025|Purple Rainbow/250|Blue Rainbow/150|Green Rainbow/99|Black/68|Gold Rainbow/50|Orange Rainbow/25|Wood/25|Black Rainbow/10|Red Rainbow/5|FoilFractor/1|First Card/1
2025-26,2025-26-topps-basketball,Topps Basketball,74,Kel'El Ware,Miami Heat,false,Base|Golden Mirror Image Variation|Clear Variation|Team Color Border Variation|Blackout Variation|Rainbow Foilboard|Gold/2025|Purple Rainbow/250|Blue Rainbow/150|Green Rainbow/99|Black/68|Gold Rainbow/50|Orange Rainbow/25|Wood/25|Black Rainbow/10|Red Rainbow/5|FoilFractor/1|First Card/1
2025-26,2025-26-topps-basketball,Topps Basketball,75,Bam Adebayo,Miami Heat,false,Base|Golden Mirror Image Variation|Clear Variation|Team Color Border Variation|Blackout Variation|Rainbow Foilboard|Gold/2025|Purple Rainbow/250|Blue Rainbow/150|Green Rainbow/99|Black/68|Gold Rainbow/50|Orange Rainbow/25|Wood/25|Black Rainbow/10|Red Rainbow/5|FoilFractor/1|First Card/1
2025-26,2025-26-topps-basketball,Topps Basketball,76,Nikola Jović,Miami Heat,false,Base|Golden Mirror Image Variation|Clear Variation|Team Color Border Variation|Blackout Variation|Rainbow Foilboard|Gold/2025|Purple Rainbow/250|Blue Rainbow/150|Green Rainbow/99|Black/68|Gold Rainbow/50|Orange Rainbow/25|Wood/25|Black Rainbow/10|Red Rainbow/5|FoilFractor/1|First Card/1
2025-26,2025-26-topps-basketball,Topps Basketball,77,Andrew Wiggins,Miami Heat,false,Base|Golden Mirror Image Variation|Clear Variation|Team Color Border Variation|Blackout Variation|Rainbow Foilboard|Gold/2025|Purple Rainbow/250|Blue Rainbow/150|Green Rainbow/99|Black/68|Gold Rainbow/50|Orange Rainbow/25|Wood/25|Black Rainbow/10|Red Rainbow/5|FoilFractor/1|First Card/1
2025-26,2025-26-topps-basketball,Topps Basketball,78,Jaime Jaquez Jr.,Miami Heat,false,Base|Golden Mirror Image Variation|Clear Variation|Team Color Border Variation|Blackout Variation|Rainbow Foilboard|Gold/2025|Purple Rainbow/250|Blue Rainbow/150|Green Rainbow/99|Black/68|Gold Rainbow/50|Orange Rainbow/25|Wood/25|Black Rainbow/10|Red Rainbow/5|FoilFractor/1|First Card/1
2025-26,2025-26-topps-basketball,Topps Basketball,79,Pelle Larsson,Miami Heat,false,Base|Golden Mirror Image Variation|Clear Variation|Team Color Border Variation|Blackout Variation|Rainbow Foilboard|Gold/2025|Purple Rainbow/250|Blue Rainbow/150|Green Rainbow/99|Black/68|Gold Rainbow/50|Orange Rainbow/25|Wood/25|Black Rainbow/10|Red Rainbow/5|FoilFractor/1|First Card/1
2025-26,2025-26-topps-basketball,Topps Basketball,80,Donovan Mitchell,Cleveland Cavaliers,false,Base|Golden Mirror Image Variation|Clear Variation|Team Color Border Variation|Blackout Variation|Player Number Variation|Rainbow Foilboard|Gold/2025|Purple Rainbow/250|Blue Rainbow/150|Green Rainbow/99|Black/68|Gold Rainbow/50|Orange Rainbow/25|Wood/25|Black Rainbow/10|Red Rainbow/5|FoilFractor/1|First Card/1
2025-26,2025-26-topps-basketball,Topps Basketball,81,Darius Garland,Cleveland Cavaliers,false,Base|Golden Mirror Image Variation|Clear Variation|Team Color Border Variation|Blackout Variation|Rainbow Foilboard|Gold/2025|Purple Rainbow/250|Blue Rainbow/150|Green Rainbow/99|Black/68|Gold Rainbow/50|Orange Rainbow/25|Wood/25|Black Rainbow/10|Red Rainbow/5|FoilFractor/1|First Card/1
2025-26,2025-26-topps-basketball,Topps Basketball,82,Evan Mobley,Cleveland Cavaliers,false,Base|Golden Mirror Image Variation|Clear Variation|Team Color Border Variation|Blackout Variation|Rainbow Foilboard|Gold/2025|Purple Rainbow/250|Blue Rainbow/150|Green Rainbow/99|Black/68|Gold Rainbow/50|Orange Rainbow/25|Wood/25|Black Rainbow/10|Red Rainbow/5|FoilFractor/1|First Card/1
2025-26,2025-26-topps-basketball,Topps Basketball,83,Ty Jerome,Cleveland Cavaliers,false,Base|Golden Mirror Image Variation|Clear Variation|Team Color Border Variation|Blackout Variation|Rainbow Foilboard|Gold/2025|Purple Rainbow/250|Blue Rainbow/150|Green Rainbow/99|Black/68|Gold Rainbow/50|Orange Rainbow/25|Wood/25|Black Rainbow/10|Red Rainbow/5|FoilFractor/1|First Card/1
2025-26,2025-26-topps-basketball,Topps Basketball,84,Max Strus,Cleveland Cavaliers,false,Base|Golden Mirror Image Variation|Clear Variation|Team Color Border Variation|Blackout Variation|Rainbow Foilboard|Gold/2025|Purple Rainbow/250|Blue Rainbow/150|Green Rainbow/99|Black/68|Gold Rainbow/50|Orange Rainbow/25|Wood/25|Black Rainbow/10|Red Rainbow/5|FoilFractor/1|First Card/1
2025-26,2025-26-topps-basketball,Topps Basketball,85,Jarrett Allen,Cleveland Cavaliers,false,Base|Golden Mirror Image Variation|Clear Variation|Team Color Border Variation|Blackout Variation|Rainbow Foilboard|Gold/2025|Purple Rainbow/250|Blue Rainbow/150|Green Rainbow/99|Black/68|Gold Rainbow/50|Orange Rainbow/25|Wood/25|Black Rainbow/10|Red Rainbow/5|FoilFractor/1|First Card/1
2025-26,2025-26-topps-basketball,Topps Basketball,86,Jaylon Tyson,Cleveland Cavaliers,false,Base|Golden Mirror Image Variation|Clear Variation|Team Color Border Variation|Blackout Variation|Rainbow Foilboard|Gold/2025|Purple Rainbow/250|Blue Rainbow/150|Green Rainbow/99|Black/68|Gold Rainbow/50|Orange Rainbow/25|Wood/25|Black Rainbow/10|Red Rainbow/5|FoilFractor/1|First Card/1
2025-26,2025-26-topps-basketball,Topps Basketball,87,Paolo Banchero,Orlando Magic,false,Base|Golden Mirror Image Variation|Clear Variation|Team Color Border Variation|Blackout Variation|Player Number Variation|Rainbow Foilboard|Gold/2025|Purple Rainbow/250|Blue Rainbow/150|Green Rainbow/99|Black/68|Gold Rainbow/50|Orange Rainbow/25|Wood/25|Black Rainbow/10|Red Rainbow/5|FoilFractor/1|First Card/1
2025-26,2025-26-topps-basketball,Topps Basketball,88,Franz Wagner,Orlando Magic,false,Base|Golden Mirror Image Variation|Clear Variation|Team Color Border Variation|Blackout Variation|Rainbow Foilboard|Gold/2025|Purple Rainbow/250|Blue Rainbow/150|Green Rainbow/99|Black/68|Gold Rainbow/50|Orange Rainbow/25|Wood/25|Black Rainbow/10|Red Rainbow/5|FoilFractor/1|First Card/1
2025-26,2025-26-topps-basketball,Topps Basketball,89,Anthony Black,Orlando Magic,false,Base|Golden Mirror Image Variation|Clear Variation|Team Color Border Variation|Blackout Variation|Rainbow Foilboard|Gold/2025|Purple Rainbow/250|Blue Rainbow/150|Green Rainbow/99|Black/68|Gold Rainbow/50|Orange Rainbow/25|Wood/25|Black Rainbow/10|Red Rainbow/5|FoilFractor/1|First Card/1
2025-26,2025-26-topps-basketball,Topps Basketball,90,Wendell Carter Jr.,Orlando Magic,false,Base|Golden Mirror Image Variation|Clear Variation|Team Color Border Variation|Blackout Variation|Rainbow Foilboard|Gold/2025|Purple Rainbow/250|Blue Rainbow/150|Green Rainbow/99|Black/68|Gold Rainbow/50|Orange Rainbow/25|Wood/25|Black Rainbow/10|Red Rainbow/5|FoilFractor/1|First Card/1
2025-26,2025-26-topps-basketball,Topps Basketball,91,Cole Anthony,Orlando Magic,false,Base|Golden Mirror Image Variation|Clear Variation|Team Color Border Variation|Blackout Variation|Rainbow Foilboard|Gold/2025|Purple Rainbow/250|Blue Rainbow/150|Green Rainbow/99|Black/68|Gold Rainbow/50|Orange Rainbow/25|Wood/25|Black Rainbow/10|Red Rainbow/5|FoilFractor/1|First Card/1
2025-26,2025-26-topps-basketball,Topps Basketball,92,Jalen Suggs,Orlando Magic,false,Base|Golden Mirror Image Variation|Clear Variation|Team Color Border Variation|Blackout Variation|Rainbow Foilboard|Gold/2025|Purple Rainbow/250|Blue Rainbow/150|Green Rainbow/99|Black/68|Gold Rainbow/50|Orange Rainbow/25|Wood/25|Black Rainbow/10|Red Rainbow/5|FoilFractor/1|First Card/1
2025-26,2025-26-topps-basketball,Topps Basketball,93,Tristan Da Silva,Orlando Magic,false,Base|Golden Mirror Image Variation|Clear Variation|Team Color Border Variation|Blackout Variation|Rainbow Foilboard|Gold/2025|Purple Rainbow/250|Blue Rainbow/150|Green Rainbow/99|Black/68|Gold Rainbow/50|Orange Rainbow/25|Wood/25|Black Rainbow/10|Red Rainbow/5|FoilFractor/1|First Card/1
2025-26,2025-26-topps-basketball,Topps Basketball,94,Jordan Poole,Washington Wizards,false,Base|Golden Mirror Image Variation|Clear Variation|Team Color Border Variation|Blackout Variation|Rainbow Foilboard|Gold/2025|Purple Rainbow/250|Blue Rainbow/150|Green Rainbow/99|Black/68|Gold Rainbow/50|Orange Rainbow/25|Wood/25|Black Rainbow/10|Red Rainbow/5|FoilFractor/1|First Card/1
2025-26,2025-26-topps-basketball,Topps Basketball,95,Bilal Coulibaly,Washington Wizards,false,Base|Golden Mirror Image Variation|Clear Variation|Team Color Border Variation|Blackout Variation|Rainbow Foilboard|Gold/2025|Purple Rainbow/250|Blue Rainbow/150|Green Rainbow/99|Black/68|Gold Rainbow/50|Orange Rainbow/25|Wood/25|Black Rainbow/10|Red Rainbow/5|FoilFractor/1|First Card/1
2025-26,2025-26-topps-basketball,Topps Basketball,96,Alex Sarr,Washington Wizards,false,Base|Golden Mirror Image Variation|Clear Variation|Team Color Border Variation|Blackout Variation|Rainbow Foilboard|Gold/2025|Purple Rainbow/250|Blue Rainbow/150|Green Rainbow/99|Black/68|Gold Rainbow/50|Orange Rainbow/25|Wood/25|Black Rainbow/10|Red Rainbow/5|FoilFractor/1|First Card/1
2025-26,2025-26-topps-basketball,Topps Basketball,97,Bub Carrington,Washington Wizards,false,Base|Golden Mirror Image Variation|Clear Variation|Team Color Border Variation|Blackout Variation|Rainbow Foilboard|Gold/2025|Purple Rainbow/250|Blue Rainbow/150|Green Rainbow/99|Black/68|Gold Rainbow/50|Orange Rainbow/25|Wood/25|Black Rainbow/10|Red Rainbow/5|FoilFractor/1|First Card/1
2025-26,2025-26-topps-basketball,Topps Basketball,98,Kyshawn George,Washington Wizards,false,Base|Golden Mirror Image Variation|Clear Variation|Team Color Border Variation|Blackout Variation|Rainbow Foilboard|Gold/2025|Purple Rainbow/250|Blue Rainbow/150|Green Rainbow/99|Black/68|Gold Rainbow/50|Orange Rainbow/25|Wood/25|Black Rainbow/10|Red Rainbow/5|FoilFractor/1|First Card/1
2025-26,2025-26-topps-basketball,Topps Basketball,99,AJ Johnson,Washington Wizards,false,Base|Golden Mirror Image Variation|Clear Variation|Team Color Border Variation|Blackout Variation|Rainbow Foilboard|Gold/2025|Purple Rainbow/250|Blue Rainbow/150|Green Rainbow/99|Black/68|Gold Rainbow/50|Orange Rainbow/25|Wood/25|Black Rainbow/10|Red Rainbow/5|FoilFractor/1|First Card/1
2025-26,2025-26-topps-basketball,Topps Basketball,100,Khris Middleton,Washington Wizards,false,Base|Golden Mirror Image Variation|Clear Variation|Team Color Border Variation|Blackout Variation|Rainbow Foilboard|Gold/2025|Purple Rainbow/250|Blue Rainbow/150|Green Rainbow/99|Black/68|Gold Rainbow/50|Orange Rainbow/25|Wood/25|Black Rainbow/10|Red Rainbow/5|FoilFractor/1|First Card/1
2025-26,2025-26-topps-basketball,Topps Basketball,101,Nikola Jokić,Denver Nuggets,false,Base|Golden Mirror Image Variation|Clear Variation|Team Color Border Variation|Blackout Variation|Player Number Variation|Rainbow Foilboard|Gold/2025|Purple Rainbow/250|Blue Rainbow/150|Green Rainbow/99|Black/68|Gold Rainbow/50|Orange Rainbow/25|Wood/25|Black Rainbow/10|Red Rainbow/5|FoilFractor/1|First Card/1
2025-26,2025-26-topps-basketball,Topps Basketball,102,Christian Braun,Denver Nuggets,false,Base|Golden Mirror Image Variation|Clear Variation|Team Color Border Variation|Blackout Variation|Rainbow Foilboard|Gold/2025|Purple Rainbow/250|Blue Rainbow/150|Green Rainbow/99|Black/68|Gold Rainbow/50|Orange Rainbow/25|Wood/25|Black Rainbow/10|Red Rainbow/5|FoilFractor/1|First Card/1
2025-26,2025-26-topps-basketball,Topps Basketball,103,Jamal Murray,Denver Nuggets,false,Base|Golden Mirror Image Variation|Clear Variation|Team Color Border Variation|Blackout Variation|Rainbow Foilboard|Gold/2025|Purple Rainbow/250|Blue Rainbow/150|Green Rainbow/99|Black/68|Gold Rainbow/50|Orange Rainbow/25|Wood/25|Black Rainbow/10|Red Rainbow/5|FoilFractor/1|First Card/1
2025-26,2025-26-topps-basketball,Topps Basketball,104,Russell Westbrook,Denver Nuggets,false,Base|Golden Mirror Image Variation|Clear Variation|Team Color Border Variation|Blackout Variation|Rainbow Foilboard|Gold/2025|Purple Rainbow/250|Blue Rainbow/150|Green Rainbow/99|Black/68|Gold Rainbow/50|Orange Rainbow/25|Wood/25|Black Rainbow/10|Red Rainbow/5|FoilFractor/1|First Card/1
2025-26,2025-26-topps-basketball,Topps Basketball,105,Michael Porter Jr.,Denver Nuggets,false,Base|Golden Mirror Image Variation|Clear Variation|Team Color Border Variation|Blackout Variation|Rainbow Foilboard|Gold/2025|Purple Rainbow/250|Blue Rainbow/150|Green Rainbow/99|Black/68|Gold Rainbow/50|Orange Rainbow/25|Wood/25|Black Rainbow/10|Red Rainbow/5|FoilFractor/1|First Card/1
2025-26,2025-26-topps-basketball,Topps Basketball,106,Peyton Watson,Denver Nuggets,false,Base|Golden Mirror Image Variation|Clear Variation|Team Color Border Variation|Blackout Variation|Rainbow Foilboard|Gold/2025|Purple Rainbow/250|Blue Rainbow/150|Green Rainbow/99|Black/68|Gold Rainbow/50|Orange Rainbow/25|Wood/25|Black Rainbow/10|Red Rainbow/5|FoilFractor/1|First Card/1
2025-26,2025-26-topps-basketball,Topps Basketball,107,Jalen Pickett,Denver Nuggets,false,Base|Golden Mirror Image Variation|Clear Variation|Team Color Border Variation|Blackout Variation|Rainbow Foilboard|Gold/2025|Purple Rainbow/250|Blue Rainbow/150|Green Rainbow/99|Black/68|Gold Rainbow/50|Orange Rainbow/25|Wood/25|Black Rainbow/10|Red Rainbow/5|FoilFractor/1|First Card/1
2025-26,2025-26-topps-basketball,Topps Basketball,108,Anthony Edwards,Minnesota Timberwolves,false,Base|Golden Mirror Image Variation|Clear Variation|Team Color Border Variation|Blackout Variation|Player Number Variation|Rainbow Foilboard|Gold/2025|Purple Rainbow/250|Blue Rainbow/150|Green Rainbow/99|Black/68|Gold Rainbow/50|Orange Rainbow/25|Wood/25|Black Rainbow/10|Red Rainbow/5|FoilFractor/1|First Card/1
2025-26,2025-26-topps-basketball,Topps Basketball,109,Naz Reid,Minnesota Timberwolves,false,Base|Golden Mirror Image Variation|Clear Variation|Team Color Border Variation|Blackout Variation|Rainbow Foilboard|Gold/2025|Purple Rainbow/250|Blue Rainbow/150|Green Rainbow/99|Black/68|Gold Rainbow/50|Orange Rainbow/25|Wood/25|Black Rainbow/10|Red Rainbow/5|FoilFractor/1|First Card/1
2025-26,2025-26-topps-basketball,Topps Basketball,110,Julius Randle,Minnesota Timberwolves,false,Base|Golden Mirror Image Variation|Clear Variation|Team Color Border Variation|Blackout Variation|Rainbow Foilboard|Gold/2025|Purple Rainbow/250|Blue Rainbow/150|Green Rainbow/99|Black/68|Gold Rainbow/50|Orange Rainbow/25|Wood/25|Black Rainbow/10|Red Rainbow/5|FoilFractor/1|First Card/1
2025-26,2025-26-topps-basketball,Topps Basketball,111,Rudy Gobert,Minnesota Timberwolves,false,Base|Golden Mirror Image Variation|Clear Variation|Team Color Border Variation|Blackout Variation|Rainbow Foilboard|Gold/2025|Purple Rainbow/250|Blue Rainbow/150|Green Rainbow/99|Black/68|Gold Rainbow/50|Orange Rainbow/25|Wood/25|Black Rainbow/10|Red Rainbow/5|FoilFractor/1|First Card/1
2025-26,2025-26-topps-basketball,Topps Basketball,112,Mike Conley,Minnesota Timberwolves,false,Base|Golden Mirror Image Variation|Clear Variation|Team Color Border Variation|Blackout Variation|Rainbow Foilboard|Gold/2025|Purple Rainbow/250|Blue Rainbow/150|Green Rainbow/99|Black/68|Gold Rainbow/50|Orange Rainbow/25|Wood/25|Black Rainbow/10|Red Rainbow/5|FoilFractor/1|First Card/1
2025-26,2025-26-topps-basketball,Topps Basketball,113,Terrence Shannon Jr.,Minnesota Timberwolves,false,Base|Golden Mirror Image Variation|Clear Variation|Team Color Border Variation|Blackout Variation|Rainbow Foilboard|Gold/2025|Purple Rainbow/250|Blue Rainbow/150|Green Rainbow/99|Black/68|Gold Rainbow/50|Orange Rainbow/25|Wood/25|Black Rainbow/10|Red Rainbow/5|FoilFractor/1|First Card/1
2025-26,2025-26-topps-basketball,Topps Basketball,114,Rob Dillingham,Minnesota Timberwolves,false,Base|Golden Mirror Image Variation|Clear Variation|Team Color Border Variation|Blackout Variation|Rainbow Foilboard|Gold/2025|Purple Rainbow/250|Blue Rainbow/150|Green Rainbow/99|Black/68|Gold Rainbow/50|Orange Rainbow/25|Wood/25|Black Rainbow/10|Red Rainbow/5|FoilFractor/1|First Card/1
2025-26,2025-26-topps-basketball,Topps Basketball,115,Shai Gilgeous-Alexander,Oklahoma City Thunder,false,Base|Golden Mirror Image Variation|Clear Variation|Team Color Border Variation|Blackout Variation|Player Number Variation|Rainbow Foilboard|Gold/2025|Purple Rainbow/250|Blue Rainbow/150|Green Rainbow/99|Black/68|Gold Rainbow/50|Orange Rainbow/25|Wood/25|Black Rainbow/10|Red Rainbow/5|FoilFractor/1|First Card/1
2025-26,2025-26-topps-basketball,Topps Basketball,116,Jalen Williams,Oklahoma City Thunder,false,Base|Golden Mirror Image Variation|Clear Variation|Team Color Border Variation|Blackout Variation|Player Number Variation|Rainbow Foilboard|Gold/2025|Purple Rainbow/250|Blue Rainbow/150|Green Rainbow/99|Black/68|Gold Rainbow/50|Orange Rainbow/25|Wood/25|Black Rainbow/10|Red Rainbow/5|FoilFractor/1|First Card/1
2025-26,2025-26-topps-basketball,Topps Basketball,117,Luguentz Dort,Oklahoma City Thunder,false,Base|Golden Mirror Image Variation|Clear Variation|Team Color Border Variation|Blackout Variation|Rainbow Foilboard|Gold/2025|Purple Rainbow/250|Blue Rainbow/150|Green Rainbow/99|Black/68|Gold Rainbow/50|Orange Rainbow/25|Wood/25|Black Rainbow/10|Red Rainbow/5|FoilFractor/1|First Card/1
2025-26,2025-26-topps-basketball,Topps Basketball,118,Chet Holmgren,Oklahoma City Thunder,false,Base|Golden Mirror Image Variation|Clear Variation|Team Color Border Variation|Blackout Variation|Rainbow Foilboard|Gold/2025|Purple Rainbow/250|Blue Rainbow/150|Green Rainbow/99|Black/68|Gold Rainbow/50|Orange Rainbow/25|Wood/25|Black Rainbow/10|Red Rainbow/5|FoilFractor/1|First Card/1
2025-26,2025-26-topps-basketball,Topps Basketball,119,Cason Wallace,Oklahoma City Thunder,false,Base|Golden Mirror Image Variation|Clear Variation|Team Color Border Variation|Blackout Variation|Rainbow Foilboard|Gold/2025|Purple Rainbow/250|Blue Rainbow/150|Green Rainbow/99|Black/68|Gold Rainbow/50|Orange Rainbow/25|Wood/25|Black Rainbow/10|Red Rainbow/5|FoilFractor/1|First Card/1
2025-26,2025-26-topps-basketball,Topps Basketball,120,Isaiah Hartenstein,Oklahoma City Thunder,false,Base|Golden Mirror Image Variation|Clear Variation|Team Color Border Variation|Blackout Variation|Rainbow Foilboard|Gold/2025|Purple Rainbow/250|Blue Rainbow/150|Green Rainbow/99|Black/68|Gold Rainbow/50|Orange Rainbow/25|Wood/25|Black Rainbow/10|Red Rainbow/5|FoilFractor/1|First Card/1
2025-26,2025-26-topps-basketball,Topps Basketball,121,Isaiah Joe,Oklahoma City Thunder,false,Base|Golden Mirror Image Variation|Clear Variation|Team Color Border Variation|Blackout Variation|Rainbow Foilboard|Gold/2025|Purple Rainbow/250|Blue Rainbow/150|Green Rainbow/99|Black/68|Gold Rainbow/50|Orange Rainbow/25|Wood/25|Black Rainbow/10|Red Rainbow/5|FoilFractor/1|First Card/1
2025-26,2025-26-topps-basketball,Topps Basketball,122,Scoot Henderson,Portland Trail Blazers,false,Base|Golden Mirror Image Variation|Clear Variation|Team Color Border Variation|Blackout Variation|Player Number Variation|Rainbow Foilboard|Gold/2025|Purple Rainbow/250|Blue Rainbow/150|Green Rainbow/99|Black/68|Gold Rainbow/50|Orange Rainbow/25|Wood/25|Black Rainbow/10|Red Rainbow/5|FoilFractor/1|First Card/1
2025-26,2025-26-topps-basketball,Topps Basketball,123,Anfernee Simons,Portland Trail Blazers,false,Base|Golden Mirror Image Variation|Clear Variation|Team Color Border Variation|Blackout Variation|Rainbow Foilboard|Gold/2025|Purple Rainbow/250|Blue Rainbow/150|Green Rainbow/99|Black/68|Gold Rainbow/50|Orange Rainbow/25|Wood/25|Black Rainbow/10|Red Rainbow/5|FoilFractor/1|First Card/1
2025-26,2025-26-topps-basketball,Topps Basketball,124,Deandre Ayton,Portland Trail Blazers,false,Base|Golden Mirror Image Variation|Clear Variation|Team Color Border Variation|Blackout Variation|Rainbow Foilboard|Gold/2025|Purple Rainbow/250|Blue Rainbow/150|Green Rainbow/99|Black/68|Gold Rainbow/50|Orange Rainbow/25|Wood/25|Black Rainbow/10|Red Rainbow/5|FoilFractor/1|First Card/1
2025-26,2025-26-topps-basketball,Topps Basketball,125,Deni Avdija,Portland Trail Blazers,false,Base|Golden Mirror Image Variation|Clear Variation|Team Color Border Variation|Blackout Variation|Rainbow Foilboard|Gold/2025|Purple Rainbow/250|Blue Rainbow/150|Green Rainbow/99|Black/68|Gold Rainbow/50|Orange Rainbow/25|Wood/25|Black Rainbow/10|Red Rainbow/5|FoilFractor/1|First Card/1
2025-26,2025-26-topps-basketball,Topps Basketball,126,Donovan Clingan,Portland Trail Blazers,false,Base|Golden Mirror Image Variation|Clear Variation|Team Color Border Variation|Blackout Variation|Rainbow Foilboard|Gold/2025|Purple Rainbow/250|Blue Rainbow/150|Green Rainbow/99|Black/68|Gold Rainbow/50|Orange Rainbow/25|Wood/25|Black Rainbow/10|Red Rainbow/5|FoilFractor/1|First Card/1
2025-26,2025-26-topps-basketball,Topps Basketball,127,Shaedon Sharpe,Portland Trail Blazers,false,Base|Golden Mirror Image Variation|Clear Variation|Team Color Border Variation|Blackout Variation|Rainbow Foilboard|Gold/2025|Purple Rainbow/250|Blue Rainbow/150|Green Rainbow/99|Black/68|Gold Rainbow/50|Orange Rainbow/25|Wood/25|Black Rainbow/10|Red Rainbow/5|FoilFractor/1|First Card/1
2025-26,2025-26-topps-basketball,Topps Basketball,128,Toumani Camara,Portland Trail Blazers,false,Base|Golden Mirror Image Variation|Clear Variation|Team Color Border Variation|Blackout Variation|Rainbow Foilboard|Gold/2025|Purple Rainbow/250|Blue Rainbow/150|Green Rainbow/99|Black/68|Gold Rainbow/50|Orange Rainbow/25|Wood/25|Black Rainbow/10|Red Rainbow/5|FoilFractor/1|First Card/1
2025-26,2025-26-topps-basketball,Topps Basketball,129,Lauri Markkanen,Utah Jazz,false,Base|Golden Mirror Image Variation|Clear Variation|Team Color Border Variation|Blackout Variation|Rainbow Foilboard|Gold/2025|Purple Rainbow/250|Blue Rainbow/150|Green Rainbow/99|Black/68|Gold Rainbow/50|Orange Rainbow/25|Wood/25|Black Rainbow/10|Red Rainbow/5|FoilFractor/1|First Card/1
2025-26,2025-26-topps-basketball,Topps Basketball,130,Cody Williams,Utah Jazz,false,Base|Golden Mirror Image Variation|Clear Variation|Team Color Border Variation|Blackout Variation|Rainbow Foilboard|Gold/2025|Purple Rainbow/250|Blue Rainbow/150|Green Rainbow/99|Black/68|Gold Rainbow/50|Orange Rainbow/25|Wood/25|Black Rainbow/10|Red Rainbow/5|FoilFractor/1|First Card/1
2025-26,2025-26-topps-basketball,Topps Basketball,131,Keyonte George,Utah Jazz,false,Base|Golden Mirror Image Variation|Clear Variation|Team Color Border Variation|Blackout Variation|Rainbow Foilboard|Gold/2025|Purple Rainbow/250|Blue Rainbow/150|Green Rainbow/99|Black/68|Gold Rainbow/50|Orange Rainbow/25|Wood/25|Black Rainbow/10|Red Rainbow/5|FoilFractor/1|First Card/1
2025-26,2025-26-topps-basketball,Topps Basketball,132,Jordan Clarkson,Utah Jazz,false,Base|Golden Mirror Image Variation|Clear Variation|Team Color Border Variation|Blackout Variation|Rainbow Foilboard|Gold/2025|Purple Rainbow/250|Blue Rainbow/150|Green Rainbow/99|Black/68|Gold Rainbow/50|Orange Rainbow/25|Wood/25|Black Rainbow/10|Red Rainbow/5|FoilFractor/1|First Card/1
2025-26,2025-26-topps-basketball,Topps Basketball,133,Isaiah Collier,Utah Jazz,false,Base|Golden Mirror Image Variation|Clear Variation|Team Color Border Variation|Blackout Variation|Rainbow Foilboard|Gold/2025|Purple Rainbow/250|Blue Rainbow/150|Green Rainbow/99|Black/68|Gold Rainbow/50|Orange Rainbow/25|Wood/25|Black Rainbow/10|Red Rainbow/5|FoilFractor/1|First Card/1
2025-26,2025-26-topps-basketball,Topps Basketball,134,Kyle Filipowski,Utah Jazz,false,Base|Golden Mirror Image Variation|Clear Variation|Team Color Border Variation|Blackout Variation|Rainbow Foilboard|Gold/2025|Purple Rainbow/250|Blue Rainbow/150|Green Rainbow/99|Black/68|Gold Rainbow/50|Orange Rainbow/25|Wood/25|Black Rainbow/10|Red Rainbow/5|FoilFractor/1|First Card/1
2025-26,2025-26-topps-basketball,Topps Basketball,135,Stephen Curry,Golden State Warriors,false,Base|Golden Mirror Image Variation|Clear Variation|Team Color Border Variation|Blackout Variation|Player Number Variation|Rainbow Foilboard|Gold/2025|Purple Rainbow/250|Blue Rainbow/150|Green Rainbow/99|Black/68|Gold Rainbow/50|Orange Rainbow/25|Wood/25|Black Rainbow/10|Red Rainbow/5|FoilFractor/1|First Card/1
2025-26,2025-26-topps-basketball,Topps Basketball,136,Jimmy Butler III,Golden State Warriors,false,Base|Golden Mirror Image Variation|Clear Variation|Team Color Border Variation|Blackout Variation|Rainbow Foilboard|Gold/2025|Purple Rainbow/250|Blue Rainbow/150|Green Rainbow/99|Black/68|Gold Rainbow/50|Orange Rainbow/25|Wood/25|Black Rainbow/10|Red Rainbow/5|FoilFractor/1|First Card/1
2025-26,2025-26-topps-basketball,Topps Basketball,137,Draymond Green,Golden State Warriors,false,Base|Golden Mirror Image Variation|Clear Variation|Team Color Border Variation|Blackout Variation|Rainbow Foilboard|Gold/2025|Purple Rainbow/250|Blue Rainbow/150|Green Rainbow/99|Black/68|Gold Rainbow/50|Orange Rainbow/25|Wood/25|Black Rainbow/10|Red Rainbow/5|FoilFractor/1|First Card/1
2025-26,2025-26-topps-basketball,Topps Basketball,138,Jonathan Kuminga,Golden State Warriors,false,Base|Golden Mirror Image Variation|Clear Variation|Team Color Border Variation|Blackout Variation|Rainbow Foilboard|Gold/2025|Purple Rainbow/250|Blue Rainbow/150|Green Rainbow/99|Black/68|Gold Rainbow/50|Orange Rainbow/25|Wood/25|Black Rainbow/10|Red Rainbow/5|FoilFractor/1|First Card/1
2025-26,2025-26-topps-basketball,Topps Basketball,139,Quinten Post,Golden State Warriors,false,Base|Golden Mirror Image Variation|Clear Variation|Team Color Border Variation|Blackout Variation|Rainbow Foilboard|Gold/2025|Purple Rainbow/250|Blue Rainbow/150|Green Rainbow/99|Black/68|Gold Rainbow/50|Orange Rainbow/25|Wood/25|Black Rainbow/10|Red Rainbow/5|FoilFractor/1|First Card/1
2025-26,2025-26-topps-basketball,Topps Basketball,140,Moses Moody,Golden State Warriors,false,Base|Golden Mirror Image Variation|Clear Variation|Team Color Border Variation|Blackout Variation|Rainbow Foilboard|Gold/2025|Purple Rainbow/250|Blue Rainbow/150|Green Rainbow/99|Black/68|Gold Rainbow/50|Orange Rainbow/25|Wood/25|Black Rainbow/10|Red Rainbow/5|FoilFractor/1|First Card/1
2025-26,2025-26-topps-basketball,Topps Basketball,141,Brandin Podziemski,Golden State Warriors,false,Base|Golden Mirror Image Variation|Clear Variation|Team Color Border Variation|Blackout Variation|Rainbow Foilboard|Gold/2025|Purple Rainbow/250|Blue Rainbow/150|Green Rainbow/99|Black/68|Gold Rainbow/50|Orange Rainbow/25|Wood/25|Black Rainbow/10|Red Rainbow/5|FoilFractor/1|First Card/1
2025-26,2025-26-topps-basketball,Topps Basketball,142,Kawhi Leonard,Los Angeles Clippers,false,Base|Golden Mirror Image Variation|Clear Variation|Team Color Border Variation|Blackout Variation|Player Number Variation|Rainbow Foilboard|Gold/2025|Purple Rainbow/250|Blue Rainbow/150|Green Rainbow/99|Black/68|Gold Rainbow/50|Orange Rainbow/25|Wood/25|Black Rainbow/10|Red Rainbow/5|FoilFractor/1|First Card/1
2025-26,2025-26-topps-basketball,Topps Basketball,143,James Harden,Los Angeles Clippers,false,Base|Golden Mirror Image Variation|Clear Variation|Team Color Border Variation|Blackout Variation|Rainbow Foilboard|Gold/2025|Purple Rainbow/250|Blue Rainbow/150|Green Rainbow/99|Black/68|Gold Rainbow/50|Orange Rainbow/25|Wood/25|Black Rainbow/10|Red Rainbow/5|FoilFractor/1|First Card/1
2025-26,2025-26-topps-basketball,Topps Basketball,144,Norman Powell,Los Angeles Clippers,false,Base|Golden Mirror Image Variation|Clear Variation|Team Color Border Variation|Blackout Variation|Rainbow Foilboard|Gold/2025|Purple Rainbow/250|Blue Rainbow/150|Green Rainbow/99|Black/68|Gold Rainbow/50|Orange Rainbow/25|Wood/25|Black Rainbow/10|Red Rainbow/5|FoilFractor/1|First Card/1
2025-26,2025-26-topps-basketball,Topps Basketball,145,Ivica Zubac,Los Angeles Clippers,false,Base|Golden Mirror Image Variation|Clear Variation|Team Color Border Variation|Blackout Variation|Rainbow Foilboard|Gold/2025|Purple Rainbow/250|Blue Rainbow/150|Green Rainbow/99|Black/68|Gold Rainbow/50|Orange Rainbow/25|Wood/25|Black Rainbow/10|Red Rainbow/5|FoilFractor/1|First Card/1
2025-26,2025-26-topps-basketball,Topps Basketball,146,Nicolas Batum,Los Angeles Clippers,false,Base|Golden Mirror Image Variation|Clear Variation|Team Color Border Variation|Blackout Variation|Rainbow Foilboard|Gold/2025|Purple Rainbow/250|Blue Rainbow/150|Green Rainbow/99|Black/68|Gold Rainbow/50|Orange Rainbow/25|Wood/25|Black Rainbow/10|Red Rainbow/5|FoilFractor/1|First Card/1
2025-26,2025-26-topps-basketball,Topps Basketball,147,Ben Simmons,Los Angeles Clippers,false,Base|Golden Mirror Image Variation|Clear Variation|Team Color Border Variation|Blackout Variation|Rainbow Foilboard|Gold/2025|Purple Rainbow/250|Blue Rainbow/150|Green Rainbow/99|Black/68|Gold Rainbow/50|Orange Rainbow/25|Wood/25|Black Rainbow/10|Red Rainbow/5|FoilFractor/1|First Card/1
2025-26,2025-26-topps-basketball,Topps Basketball,148,Derrick Jones Jr.,Los Angeles Clippers,false,Base|Golden Mirror Image Variation|Clear Variation|Team Color Border Variation|Blackout Variation|Rainbow Foilboard|Gold/2025|Purple Rainbow/250|Blue Rainbow/150|Green Rainbow/99|Black/68|Gold Rainbow/50|Orange Rainbow/25|Wood/25|Black Rainbow/10|Red Rainbow/5|FoilFractor/1|First Card/1
2025-26,2025-26-topps-basketball,Topps Basketball,149,Dorian Finney-Smith,Los Angeles Lakers,false,Base|Golden Mirror Image Variation|Clear Variation|Team Color Border Variation|Blackout Variation|Rainbow Foilboard|Gold/2025|Purple Rainbow/250|Blue Rainbow/150|Green Rainbow/99|Black/68|Gold Rainbow/50|Orange Rainbow/25|Wood/25|Black Rainbow/10|Red Rainbow/5|FoilFractor/1|First Card/1
2025-26,2025-26-topps-basketball,Topps Basketball,150,LeBron James,Los Angeles Lakers,false,Base|Golden Mirror Image Variation|Clear Variation|Team Color Border Variation|Blackout Variation|Player Number Variation|Rainbow Foilboard|Gold/2025|Purple Rainbow/250|Blue Rainbow/150|Green Rainbow/99|Black/68|Gold Rainbow/50|Orange Rainbow/25|Wood/25|Black Rainbow/10|Red Rainbow/5|FoilFractor/1|First Card/1
2025-26,2025-26-topps-basketball,Topps Basketball,151,Austin Reaves,Los Angeles Lakers,false,Base|Golden Mirror Image Variation|Clear Variation|Team Color Border Variation|Blackout Variation|Rainbow Foilboard|Gold/2025|Purple Rainbow/250|Blue Rainbow/150|Green Rainbow/99|Black/68|Gold Rainbow/50|Orange Rainbow/25|Wood/25|Black Rainbow/10|Red Rainbow/5|FoilFractor/1|First Card/1
2025-26,2025-26-topps-basketball,Topps Basketball,152,Bronny James Jr.,Los Angeles Lakers,false,Base|Golden Mirror Image Variation|Clear Variation|Team Color Border Variation|Blackout Variation|Rainbow Foilboard|Gold/2025|Purple Rainbow/250|Blue Rainbow/150|Green Rainbow/99|Black/68|Gold Rainbow/50|Orange Rainbow/25|Wood/25|Black Rainbow/10|Red Rainbow/5|FoilFractor/1|First Card/1
2025-26,2025-26-topps-basketball,Topps Basketball,153,Dalton Knecht,Los Angeles Lakers,false,Base|Golden Mirror Image Variation|Clear Variation|Team Color Border Variation|Blackout Variation|Rainbow Foilboard|Gold/2025|Purple Rainbow/250|Blue Rainbow/150|Green Rainbow/99|Black/68|Gold Rainbow/50|Orange Rainbow/25|Wood/25|Black Rainbow/10|Red Rainbow/5|FoilFractor/1|First Card/1
2025-26,2025-26-topps-basketball,Topps Basketball,154,Rui Hachimura,Los Angeles Lakers,false,Base|Golden Mirror Image Variation|Clear Variation|Team Color Border Variation|Blackout Variation|Rainbow Foilboard|Gold/2025|Purple Rainbow/250|Blue Rainbow/150|Green Rainbow/99|Black/68|Gold Rainbow/50|Orange Rainbow/25|Wood/25|Black Rainbow/10|Red Rainbow/5|FoilFractor/1|First Card/1
2025-26,2025-26-topps-basketball,Topps Basketball,155,Jarred Vanderbilt,Los Angeles Lakers,false,Base|Golden Mirror Image Variation|Clear Variation|Team Color Border Variation|Blackout Variation|Rainbow Foilboard|Gold/2025|Purple Rainbow/250|Blue Rainbow/150|Green Rainbow/99|Black/68|Gold Rainbow/50|Orange Rainbow/25|Wood/25|Black Rainbow/10|Red Rainbow/5|FoilFractor/1|First Card/1
2025-26,2025-26-topps-basketball,Topps Basketball,156,Devin Booker,Phoenix Suns,false,Base|Golden Mirror Image Variation|Clear Variation|Team Color Border Variation|Blackout Variation|Player Number Variation|Rainbow Foilboard|Gold/2025|Purple Rainbow/250|Blue Rainbow/150|Green Rainbow/99|Black/68|Gold Rainbow/50|Orange Rainbow/25|Wood/25|Black Rainbow/10|Red Rainbow/5|FoilFractor/1|First Card/1
2025-26,2025-26-topps-basketball,Topps Basketball,157,Kevin Durant,Houston Rockets,false,Base|Golden Mirror Image Variation|Clear Variation|Team Color Border Variation|Blackout Variation|Player Number Variation|Rainbow Foilboard|Gold/2025|Purple Rainbow/250|Blue Rainbow/150|Green Rainbow/99|Black/68|Gold Rainbow/50|Orange Rainbow/25|Wood/25|Black Rainbow/10|Red Rainbow/5|FoilFractor/1|First Card/1
2025-26,2025-26-topps-basketball,Topps Basketball,158,Bradley Beal,Phoenix Suns,false,Base|Golden Mirror Image Variation|Clear Variation|Team Color Border Variation|Blackout Variation|Rainbow Foilboard|Gold/2025|Purple Rainbow/250|Blue Rainbow/150|Green Rainbow/99|Black/68|Gold Rainbow/50|Orange Rainbow/25|Wood/25|Black Rainbow/10|Red Rainbow/5|FoilFractor/1|First Card/1
2025-26,2025-26-topps-basketball,Topps Basketball,159,Ryan Dunn,Phoenix Suns,false,Base|Golden Mirror Image Variation|Clear Variation|Team Color Border Variation|Blackout Variation|Rainbow Foilboard|Gold/2025|Purple Rainbow/250|Blue Rainbow/150|Green Rainbow/99|Black/68|Gold Rainbow/50|Orange Rainbow/25|Wood/25|Black Rainbow/10|Red Rainbow/5|FoilFractor/1|First Card/1
2025-26,2025-26-topps-basketball,Topps Basketball,160,Oso Ighodaro,Phoenix Suns,false,Base|Golden Mirror Image Variation|Clear Variation|Team Color Border Variation|Blackout Variation|Rainbow Foilboard|Gold/2025|Purple Rainbow/250|Blue Rainbow/150|Green Rainbow/99|Black/68|Gold Rainbow/50|Orange Rainbow/25|Wood/25|Black Rainbow/10|Red Rainbow/5|FoilFractor/1|First Card/1
2025-26,2025-26-topps-basketball,Topps Basketball,161,Grayson Allen,Phoenix Suns,false,Base|Golden Mirror Image Variation|Clear Variation|Team Color Border Variation|Blackout Variation|Rainbow Foilboard|Gold/2025|Purple Rainbow/250|Blue Rainbow/150|Green Rainbow/99|Black/68|Gold Rainbow/50|Orange Rainbow/25|Wood/25|Black Rainbow/10|Red Rainbow/5|FoilFractor/1|First Card/1
2025-26,2025-26-topps-basketball,Topps Basketball,162,DeMar DeRozan,Sacramento Kings,false,Base|Golden Mirror Image Variation|Clear Variation|Team Color Border Variation|Blackout Variation|Rainbow Foilboard|Gold/2025|Purple Rainbow/250|Blue Rainbow/150|Green Rainbow/99|Black/68|Gold Rainbow/50|Orange Rainbow/25|Wood/25|Black Rainbow/10|Red Rainbow/5|FoilFractor/1|First Card/1
2025-26,2025-26-topps-basketball,Topps Basketball,163,Zach LaVine,Sacramento Kings,false,Base|Golden Mirror Image Variation|Clear Variation|Team Color Border Variation|Blackout Variation|Rainbow Foilboard|Gold/2025|Purple Rainbow/250|Blue Rainbow/150|Green Rainbow/99|Black/68|Gold Rainbow/50|Orange Rainbow/25|Wood/25|Black Rainbow/10|Red Rainbow/5|FoilFractor/1|First Card/1
2025-26,2025-26-topps-basketball,Topps Basketball,164,Malik Monk,Sacramento Kings,false,Base|Golden Mirror Image Variation|Clear Variation|Team Color Border Variation|Blackout Variation|Rainbow Foilboard|Gold/2025|Purple Rainbow/250|Blue Rainbow/150|Green Rainbow/99|Black/68|Gold Rainbow/50|Orange Rainbow/25|Wood/25|Black Rainbow/10|Red Rainbow/5|FoilFractor/1|First Card/1
2025-26,2025-26-topps-basketball,Topps Basketball,165,Devin Carter,Sacramento Kings,false,Base|Golden Mirror Image Variation|Clear Variation|Team Color Border Variation|Blackout Variation|Rainbow Foilboard|Gold/2025|Purple Rainbow/250|Blue Rainbow/150|Green Rainbow/99|Black/68|Gold Rainbow/50|Orange Rainbow/25|Wood/25|Black Rainbow/10|Red Rainbow/5|FoilFractor/1|First Card/1
2025-26,2025-26-topps-basketball,Topps Basketball,166,Keegan Murray,Sacramento Kings,false,Base|Golden Mirror Image Variation|Clear Variation|Team Color Border Variation|Blackout Variation|Rainbow Foilboard|Gold/2025|Purple Rainbow/250|Blue Rainbow/150|Green Rainbow/99|Black/68|Gold Rainbow/50|Orange Rainbow/25|Wood/25|Black Rainbow/10|Red Rainbow/5|FoilFractor/1|First Card/1
2025-26,2025-26-topps-basketball,Topps Basketball,167,Domantas Sabonis,Sacramento Kings,false,Base|Golden Mirror Image Variation|Clear Variation|Team Color Border Variation|Blackout Variation|Rainbow Foilboard|Gold/2025|Purple Rainbow/250|Blue Rainbow/150|Green Rainbow/99|Black/68|Gold Rainbow/50|Orange Rainbow/25|Wood/25|Black Rainbow/10|Red Rainbow/5|FoilFractor/1|First Card/1
2025-26,2025-26-topps-basketball,Topps Basketball,168,Kyrie Irving,Dallas Mavericks,false,Base|Golden Mirror Image Variation|Clear Variation|Team Color Border Variation|Blackout Variation|Player Number Variation|Rainbow Foilboard|Gold/2025|Purple Rainbow/250|Blue Rainbow/150|Green Rainbow/99|Black/68|Gold Rainbow/50|Orange Rainbow/25|Wood/25|Black Rainbow/10|Red Rainbow/5|FoilFractor/1|First Card/1
2025-26,2025-26-topps-basketball,Topps Basketball,169,Anthony Davis,Dallas Mavericks,false,Base|Golden Mirror Image Variation|Clear Variation|Team Color Border Variation|Blackout Variation|Rainbow Foilboard|Gold/2025|Purple Rainbow/250|Blue Rainbow/150|Green Rainbow/99|Black/68|Gold Rainbow/50|Orange Rainbow/25|Wood/25|Black Rainbow/10|Red Rainbow/5|FoilFractor/1|First Card/1
2025-26,2025-26-topps-basketball,Topps Basketball,170,Klay Thompson,Dallas Mavericks,false,Base|Golden Mirror Image Variation|Clear Variation|Team Color Border Variation|Blackout Variation|Rainbow Foilboard|Gold/2025|Purple Rainbow/250|Blue Rainbow/150|Green Rainbow/99|Black/68|Gold Rainbow/50|Orange Rainbow/25|Wood/25|Black Rainbow/10|Red Rainbow/5|FoilFractor/1|First Card/1
2025-26,2025-26-topps-basketball,Topps Basketball,171,Brandon Williams,Dallas Mavericks,false,Base|Golden Mirror Image Variation|Clear Variation|Team Color Border Variation|Blackout Variation|Rainbow Foilboard|Gold/2025|Purple Rainbow/250|Blue Rainbow/150|Green Rainbow/99|Black/68|Gold Rainbow/50|Orange Rainbow/25|Wood/25|Black Rainbow/10|Red Rainbow/5|FoilFractor/1|First Card/1
2025-26,2025-26-topps-basketball,Topps Basketball,172,Dereck Lively II,Dallas Mavericks,false,Base|Golden Mirror Image Variation|Clear Variation|Team Color Border Variation|Blackout Variation|Rainbow Foilboard|Gold/2025|Purple Rainbow/250|Blue Rainbow/150|Green Rainbow/99|Black/68|Gold Rainbow/50|Orange Rainbow/25|Wood/25|Black Rainbow/10|Red Rainbow/5|FoilFractor/1|First Card/1
2025-26,2025-26-topps-basketball,Topps Basketball,173,P.J. Washington Jr.,Dallas Mavericks,false,Base|Golden Mirror Image Variation|Clear Variation|Team Color Border Variation|Blackout Variation|Rainbow Foilboard|Gold/2025|Purple Rainbow/250|Blue Rainbow/150|Green Rainbow/99|Black/68|Gold Rainbow/50|Orange Rainbow/25|Wood/25|Black Rainbow/10|Red Rainbow/5|FoilFractor/1|First Card/1
2025-26,2025-26-topps-basketball,Topps Basketball,174,Max Christie,Dallas Mavericks,false,Base|Golden Mirror Image Variation|Clear Variation|Team Color Border Variation|Blackout Variation|Rainbow Foilboard|Gold/2025|Purple Rainbow/250|Blue Rainbow/150|Green Rainbow/99|Black/68|Gold Rainbow/50|Orange Rainbow/25|Wood/25|Black Rainbow/10|Red Rainbow/5|FoilFractor/1|First Card/1
2025-26,2025-26-topps-basketball,Topps Basketball,175,Jalen Green,Houston Rockets,false,Base|Golden Mirror Image Variation|Clear Variation|Team Color Border Variation|Blackout Variation|Rainbow Foilboard|Gold/2025|Purple Rainbow/250|Blue Rainbow/150|Green Rainbow/99|Black/68|Gold Rainbow/50|Orange Rainbow/25|Wood/25|Black Rainbow/10|Red Rainbow/5|FoilFractor/1|First Card/1
2025-26,2025-26-topps-basketball,Topps Basketball,176,Amen Thompson,Houston Rockets,false,Base|Golden Mirror Image Variation|Clear Variation|Team Color Border Variation|Blackout Variation|Player Number Variation|Rainbow Foilboard|Gold/2025|Purple Rainbow/250|Blue Rainbow/150|Green Rainbow/99|Black/68|Gold Rainbow/50|Orange Rainbow/25|Wood/25|Black Rainbow/10|Red Rainbow/5|FoilFractor/1|First Card/1
2025-26,2025-26-topps-basketball,Topps Basketball,177,Jabari Smith Jr.,Houston Rockets,false,Base|Golden Mirror Image Variation|Clear Variation|Team Color Border Variation|Blackout Variation|Rainbow Foilboard|Gold/2025|Purple Rainbow/250|Blue Rainbow/150|Green Rainbow/99|Black/68|Gold Rainbow/50|Orange Rainbow/25|Wood/25|Black Rainbow/10|Red Rainbow/5|FoilFractor/1|First Card/1
2025-26,2025-26-topps-basketball,Topps Basketball,178,Reed Sheppard,Houston Rockets,false,Base|Golden Mirror Image Variation|Clear Variation|Team Color Border Variation|Blackout Variation|Rainbow Foilboard|Gold/2025|Purple Rainbow/250|Blue Rainbow/150|Green Rainbow/99|Black/68|Gold Rainbow/50|Orange Rainbow/25|Wood/25|Black Rainbow/10|Red Rainbow/5|FoilFractor/1|First Card/1
2025-26,2025-26-topps-basketball,Topps Basketball,179,Tari Eason,Houston Rockets,false,Base|Golden Mirror Image Variation|Clear Variation|Team Color Border Variation|Blackout Variation|Rainbow Foilboard|Gold/2025|Purple Rainbow/250|Blue Rainbow/150|Green Rainbow/99|Black/68|Gold Rainbow/50|Orange Rainbow/25|Wood/25|Black Rainbow/10|Red Rainbow/5|FoilFractor/1|First Card/1
2025-26,2025-26-topps-basketball,Topps Basketball,180,Alperen Sengun,Houston Rockets,false,Base|Golden Mirror Image Variation|Clear Variation|Team Color Border Variation|Blackout Variation|Rainbow Foilboard|Gold/2025|Purple Rainbow/250|Blue Rainbow/150|Green Rainbow/99|Black/68|Gold Rainbow/50|Orange Rainbow/25|Wood/25|Black Rainbow/10|Red Rainbow/5|FoilFractor/1|First Card/1
2025-26,2025-26-topps-basketball,Topps Basketball,181,Dillon Brooks,Houston Rockets,false,Base|Golden Mirror Image Variation|Clear Variation|Team Color Border Variation|Blackout Variation|Rainbow Foilboard|Gold/2025|Purple Rainbow/250|Blue Rainbow/150|Green Rainbow/99|Black/68|Gold Rainbow/50|Orange Rainbow/25|Wood/25|Black Rainbow/10|Red Rainbow/5|FoilFractor/1|First Card/1
2025-26,2025-26-topps-basketball,Topps Basketball,182,Ja Morant,Memphis Grizzlies,false,Base|Golden Mirror Image Variation|Clear Variation|Team Color Border Variation|Blackout Variation|Player Number Variation|Rainbow Foilboard|Gold/2025|Purple Rainbow/250|Blue Rainbow/150|Green Rainbow/99|Black/68|Gold Rainbow/50|Orange Rainbow/25|Wood/25|Black Rainbow/10|Red Rainbow/5|FoilFractor/1|First Card/1
2025-26,2025-26-topps-basketball,Topps Basketball,183,Jaylen Wells,Memphis Grizzlies,false,Base|Golden Mirror Image Variation|Clear Variation|Team Color Border Variation|Blackout Variation|Rainbow Foilboard|Gold/2025|Purple Rainbow/250|Blue Rainbow/150|Green Rainbow/99|Black/68|Gold Rainbow/50|Orange Rainbow/25|Wood/25|Black Rainbow/10|Red Rainbow/5|FoilFractor/1|First Card/1
2025-26,2025-26-topps-basketball,Topps Basketball,184,Jaren Jackson Jr.,Memphis Grizzlies,false,Base|Golden Mirror Image Variation|Clear Variation|Team Color Border Variation|Blackout Variation|Rainbow Foilboard|Gold/2025|Purple Rainbow/250|Blue Rainbow/150|Green Rainbow/99|Black/68|Gold Rainbow/50|Orange Rainbow/25|Wood/25|Black Rainbow/10|Red Rainbow/5|FoilFractor/1|First Card/1
2025-26,2025-26-topps-basketball,Topps Basketball,185,Desmond Bane,Memphis Grizzlies,false,Base|Golden Mirror Image Variation|Clear Variation|Team Color Border Variation|Blackout Variation|Rainbow Foilboard|Gold/2025|Purple Rainbow/250|Blue Rainbow/150|Green Rainbow/99|Black/68|Gold Rainbow/50|Orange Rainbow/25|Wood/25|Black Rainbow/10|Red Rainbow/5|FoilFractor/1|First Card/1
2025-26,2025-26-topps-basketball,Topps Basketball,186,Zach Edey,Memphis Grizzlies,false,Base|Golden Mirror Image Variation|Clear Variation|Team Color Border Variation|Blackout Variation|Rainbow Foilboard|Gold/2025|Purple Rainbow/250|Blue Rainbow/150|Green Rainbow/99|Black/68|Gold Rainbow/50|Orange Rainbow/25|Wood/25|Black Rainbow/10|Red Rainbow/5|FoilFractor/1|First Card/1
2025-26,2025-26-topps-basketball,Topps Basketball,187,Santi Aldama,Memphis Grizzlies,false,Base|Golden Mirror Image Variation|Clear Variation|Team Color Border Variation|Blackout Variation|Rainbow Foilboard|Gold/2025|Purple Rainbow/250|Blue Rainbow/150|Green Rainbow/99|Black/68|Gold Rainbow/50|Orange Rainbow/25|Wood/25|Black Rainbow/10|Red Rainbow/5|FoilFractor/1|First Card/1
2025-26,2025-26-topps-basketball,Topps Basketball,188,Yuki Kawamura,Memphis Grizzlies,false,Base|Golden Mirror Image Variation|Clear Variation|Team Color Border Variation|Blackout Variation|Rainbow Foilboard|Gold/2025|Purple Rainbow/250|Blue Rainbow/150|Green Rainbow/99|Black/68|Gold Rainbow/50|Orange Rainbow/25|Wood/25|Black Rainbow/10|Red Rainbow/5|FoilFractor/1|First Card/1
2025-26,2025-26-topps-basketball,Topps Basketball,189,Herbert Jones,New Orleans Pelicans,false,Base|Golden Mirror Image Variation|Clear Variation|Team Color Border Variation|Blackout Variation|Rainbow Foilboard|Gold/2025|Purple Rainbow/250|Blue Rainbow/150|Green Rainbow/99|Black/68|Gold Rainbow/50|Orange Rainbow/25|Wood/25|Black Rainbow/10|Red Rainbow/5|FoilFractor/1|First Card/1
2025-26,2025-26-topps-basketball,Topps Basketball,190,Trey Murphy III,New Orleans Pelicans,false,Base|Golden Mirror Image Variation|Clear Variation|Team Color Border Variation|Blackout Variation|Rainbow Foilboard|Gold/2025|Purple Rainbow/250|Blue Rainbow/150|Green Rainbow/99|Black/68|Gold Rainbow/50|Orange Rainbow/25|Wood/25|Black Rainbow/10|Red Rainbow/5|FoilFractor/1|First Card/1
2025-26,2025-26-topps-basketball,Topps Basketball,191,Yves Missi,New Orleans Pelicans,false,Base|Golden Mirror Image Variation|Clear Variation|Team Color Border Variation|Blackout Variation|Rainbow Foilboard|Gold/2025|Purple Rainbow/250|Blue Rainbow/150|Green Rainbow/99|Black/68|Gold Rainbow/50|Orange Rainbow/25|Wood/25|Black Rainbow/10|Red Rainbow/5|FoilFractor/1|First Card/1
2025-26,2025-26-topps-basketball,Topps Basketball,192,Dejounte Murray,New Orleans Pelicans,false,Base|Golden Mirror Image Variation|Clear Variation|Team Color Border Variation|Blackout Variation|Rainbow Foilboard|Gold/2025|Purple Rainbow/250|Blue Rainbow/150|Green Rainbow/99|Black/68|Gold Rainbow/50|Orange Rainbow/25|Wood/25|Black Rainbow/10|Red Rainbow/5|FoilFractor/1|First Card/1
2025-26,2025-26-topps-basketball,Topps Basketball,193,CJ McCollum,New Orleans Pelicans,false,Base|Golden Mirror Image Variation|Clear Variation|Team Color Border Variation|Blackout Variation|Rainbow Foilboard|Gold/2025|Purple Rainbow/250|Blue Rainbow/150|Green Rainbow/99|Black/68|Gold Rainbow/50|Orange Rainbow/25|Wood/25|Black Rainbow/10|Red Rainbow/5|FoilFractor/1|First Card/1
2025-26,2025-26-topps-basketball,Topps Basketball,194,Jordan Hawkins,New Orleans Pelicans,false,Base|Golden Mirror Image Variation|Clear Variation|Team Color Border Variation|Blackout Variation|Rainbow Foilboard|Gold/2025|Purple Rainbow/250|Blue Rainbow/150|Green Rainbow/99|Black/68|Gold Rainbow/50|Orange Rainbow/25|Wood/25|Black Rainbow/10|Red Rainbow/5|FoilFractor/1|First Card/1
2025-26,2025-26-topps-basketball,Topps Basketball,195,Victor Wembanyama,San Antonio Spurs,false,Base|Golden Mirror Image Variation|Clear Variation|Team Color Border Variation|Blackout Variation|Player Number Variation|Rainbow Foilboard|Gold/2025|Purple Rainbow/250|Blue Rainbow/150|Green Rainbow/99|Black/68|Gold Rainbow/50|Orange Rainbow/25|Wood/25|Black Rainbow/10|Red Rainbow/5|FoilFractor/1|First Card/1
2025-26,2025-26-topps-basketball,Topps Basketball,196,De'Aaron Fox,San Antonio Spurs,false,Base|Golden Mirror Image Variation|Clear Variation|Team Color Border Variation|Blackout Variation|Rainbow Foilboard|Gold/2025|Purple Rainbow/250|Blue Rainbow/150|Green Rainbow/99|Black/68|Gold Rainbow/50|Orange Rainbow/25|Wood/25|Black Rainbow/10|Red Rainbow/5|FoilFractor/1|First Card/1
2025-26,2025-26-topps-basketball,Topps Basketball,197,Stephon Castle,San Antonio Spurs,false,Base|Golden Mirror Image Variation|Clear Variation|Team Color Border Variation|Blackout Variation|Rainbow Foilboard|Gold/2025|Purple Rainbow/250|Blue Rainbow/150|Green Rainbow/99|Black/68|Gold Rainbow/50|Orange Rainbow/25|Wood/25|Black Rainbow/10|Red Rainbow/5|FoilFractor/1|First Card/1
2025-26,2025-26-topps-basketball,Topps Basketball,198,Chris Paul,San Antonio Spurs,false,Base|Golden Mirror Image Variation|Clear Variation|Team Color Border Variation|Blackout Variation|Rainbow Foilboard|Gold/2025|Purple Rainbow/250|Blue Rainbow/150|Green Rainbow/99|Black/68|Gold Rainbow/50|Orange Rainbow/25|Wood/25|Black Rainbow/10|Red Rainbow/5|FoilFractor/1|First Card/1
2025-26,2025-26-topps-basketball,Topps Basketball,199,Jeremy Sochan,San Antonio Spurs,false,Base|Golden Mirror Image Variation|Clear Variation|Team Color Border Variation|Blackout Variation|Rainbow Foilboard|Gold/2025|Purple Rainbow/250|Blue Rainbow/150|Green Rainbow/99|Black/68|Gold Rainbow/50|Orange Rainbow/25|Wood/25|Black Rainbow/10|Red Rainbow/5|FoilFractor/1|First Card/1
2025-26,2025-26-topps-basketball,Topps Basketball,200,Keldon Johnson,San Antonio Spurs,false,Base|Golden Mirror Image Variation|Clear Variation|Team Color Border Variation|Blackout Variation|Rainbow Foilboard|Gold/2025|Purple Rainbow/250|Blue Rainbow/150|Green Rainbow/99|Black/68|Gold Rainbow/50|Orange Rainbow/25|Wood/25|Black Rainbow/10|Red Rainbow/5|FoilFractor/1|First Card/1
2025-26,2025-26-topps-basketball,Topps Basketball,201,Cooper Flagg,Dallas Mavericks,true,Base|Golden Mirror Image Variation|Clear Variation|Team Color Border Variation|Blackout Variation|Rainbow Foilboard|Gold/2025|Purple Rainbow/250|Blue Rainbow/150|Green Rainbow/99|Black/68|Gold Rainbow/50|Orange Rainbow/25|Wood/25|Black Rainbow/10|Red Rainbow/5|FoilFractor/1|First Card/1
2025-26,2025-26-topps-basketball,Topps Basketball,202,Dylan Harper,San Antonio Spurs,true,Base|Golden Mirror Image Variation|Clear Variation|Team Color Border Variation|Blackout Variation|Rainbow Foilboard|Gold/2025|Purple Rainbow/250|Blue Rainbow/150|Green Rainbow/99|Black/68|Gold Rainbow/50|Orange Rainbow/25|Wood/25|Black Rainbow/10|Red Rainbow/5|FoilFractor/1|First Card/1
2025-26,2025-26-topps-basketball,Topps Basketball,203,VJ Edgecombe,Philadelphia 76ers,true,Base|Golden Mirror Image Variation|Clear Variation|Team Color Border Variation|Blackout Variation|Rainbow Foilboard|Gold/2025|Purple Rainbow/250|Blue Rainbow/150|Green Rainbow/99|Black/68|Gold Rainbow/50|Orange Rainbow/25|Wood/25|Black Rainbow/10|Red Rainbow/5|FoilFractor/1|First Card/1
2025-26,2025-26-topps-basketball,Topps Basketball,204,Kon Knueppel,Charlotte Hornets,true,Base|Golden Mirror Image Variation|Clear Variation|Team Color Border Variation|Blackout Variation|Rainbow Foilboard|Gold/2025|Purple Rainbow/250|Blue Rainbow/150|Green Rainbow/99|Black/68|Gold Rainbow/50|Orange Rainbow/25|Wood/25|Black Rainbow/10|Red Rainbow/5|FoilFractor/1|First Card/1
2025-26,2025-26-topps-basketball,Topps Basketball,205,Ace Bailey,Utah Jazz,true,Base|Golden Mirror Image Variation|Clear Variation|Team Color Border Variation|Blackout Variation|Rainbow Foilboard|Gold/2025|Purple Rainbow/250|Blue Rainbow/150|Green Rainbow/99|Black/68|Gold Rainbow/50|Orange Rainbow/25|Wood/25|Black Rainbow/10|Red Rainbow/5|FoilFractor/1|First Card/1
2025-26,2025-26-topps-basketball,Topps Basketball,206,Tre Johnson III,Washington Wizards,true,Base|Golden Mirror Image Variation|Clear Variation|Team Color Border Variation|Blackout Variation|Rainbow Foilboard|Gold/2025|Purple Rainbow/250|Blue Rainbow/150|Green Rainbow/99|Black/68|Gold Rainbow/50|Orange Rainbow/25|Wood/25|Black Rainbow/10|Red Rainbow/5|FoilFractor/1|First Card/1
2025-26,2025-26-topps-basketball,Topps Basketball,207,Jeremiah Fears,New Orleans Pelicans,true,Base|Golden Mirror Image Variation|Clear Variation|Team Color Border Variation|Blackout Variation|Rainbow Foilboard|Gold/2025|Purple Rainbow/250|Blue Rainbow/150|Green Rainbow/99|Black/68|Gold Rainbow/50|Orange Rainbow/25|Wood/25|Black Rainbow/10|Red Rainbow/5|FoilFractor/1|First Card/1
2025-26,2025-26-topps-basketball,Topps Basketball,208,Egor Dëmin,Brooklyn Nets,true,Base|Golden Mirror Image Variation|Clear Variation|Team Color Border Variation|Blackout Variation|Rainbow Foilboard|Gold/2025|Purple Rainbow/250|Blue Rainbow/150|Green Rainbow/99|Black/68|Gold Rainbow/50|Orange Rainbow/25|Wood/25|Black Rainbow/10|Red Rainbow/5|FoilFractor/1|First Card/1
2025-26,2025-26-topps-basketball,Topps Basketball,209,Collin Murray-Boyles,Toronto Raptors,true,Base|Golden Mirror Image Variation|Clear Variation|Team Color Border Variation|Blackout Variation|Rainbow Foilboard|Gold/2025|Purple Rainbow/250|Blue Rainbow/150|Green Rainbow/99|Black/68|Gold Rainbow/50|Orange Rainbow/25|Wood/25|Black Rainbow/10|Red Rainbow/5|FoilFractor/1|First Card/1
2025-26,2025-26-topps-basketball,Topps Basketball,210,Khaman Maluach,Phoenix Suns,true,Base|Golden Mirror Image Variation|Clear Variation|Team Color Border Variation|Blackout Variation|Rainbow Foilboard|Gold/2025|Purple Rainbow/250|Blue Rainbow/150|Green Rainbow/99|Black/68|Gold Rainbow/50|Orange Rainbow/25|Wood/25|Black Rainbow/10|Red Rainbow/5|FoilFractor/1|First Card/1
2025-26,2025-26-topps-basketball,Topps Basketball,211,Cedric Coward,Memphis Grizzlies,true,Base|Golden Mirror Image Variation|Clear Variation|Team Color Border Variation|Blackout Variation|Rainbow Foilboard|Gold/2025|Purple Rainbow/250|Blue Rainbow/150|Green Rainbow/99|Black/68|Gold Rainbow/50|Orange Rainbow/25|Wood/25|Black Rainbow/10|Red Rainbow/5|FoilFractor/1|First Card/1
2025-26,2025-26-topps-basketball,Topps Basketball,212,Noa Essengue,Chicago Bulls,true,Base|Golden Mirror Image Variation|Clear Variation|Team Color Border Variation|Blackout Variation|Rainbow Foilboard|Gold/2025|Purple Rainbow/250|Blue Rainbow/150|Green Rainbow/99|Black/68|Gold Rainbow/50|Orange Rainbow/25|Wood/25|Black Rainbow/10|Red Rainbow/5|FoilFractor/1|First Card/1
2025-26,2025-26-topps-basketball,Topps Basketball,213,Derik Queen,New Orleans Pelicans,true,Base|Golden Mirror Image Variation|Clear Variation|Team Color Border Variation|Blackout Variation|Rainbow Foilboard|Gold/2025|Purple Rainbow/250|Blue Rainbow/150|Green Rainbow/99|Black/68|Gold Rainbow/50|Orange Rainbow/25|Wood/25|Black Rainbow/10|Red Rainbow/5|FoilFractor/1|First Card/1
2025-26,2025-26-topps-basketball,Topps Basketball,214,Carter Bryant,San Antonio Spurs,true,Base|Golden Mirror Image Variation|Clear Variation|Team Color Border Variation|Blackout Variation|Rainbow Foilboard|Gold/2025|Purple Rainbow/250|Blue Rainbow/150|Green Rainbow/99|Black/68|Gold Rainbow/50|Orange Rainbow/25|Wood/25|Black Rainbow/10|Red Rainbow/5|FoilFractor/1|First Card/1
2025-26,2025-26-topps-basketball,Topps Basketball,215,Thomas Sorber,Oklahoma City Thunder,true,Base|Golden Mirror Image Variation|Clear Variation|Team Color Border Variation|Blackout Variation|Rainbow Foilboard|Gold/2025|Purple Rainbow/250|Blue Rainbow/150|Green Rainbow/99|Black/68|Gold Rainbow/50|Orange Rainbow/25|Wood/25|Black Rainbow/10|Red Rainbow/5|FoilFractor/1|First Card/1
2025-26,2025-26-topps-basketball,Topps Basketball,216,Yang Hansen,Portland Trail Blazers,true,Base|Golden Mirror Image Variation|Clear Variation|Team Color Border Variation|Blackout Variation|Rainbow Foilboard|Gold/2025|Purple Rainbow/250|Blue Rainbow/150|Green Rainbow/99|Black/68|Gold Rainbow/50|Orange Rainbow/25|Wood/25|Black Rainbow/10|Red Rainbow/5|FoilFractor/1|First Card/1
2025-26,2025-26-topps-basketball,Topps Basketball,217,Joan Beringer,Minnesota Timberwolves,true,Base|Golden Mirror Image Variation|Clear Variation|Team Color Border Variation|Blackout Variation|Rainbow Foilboard|Gold/2025|Purple Rainbow/250|Blue Rainbow/150|Green Rainbow/99|Black/68|Gold Rainbow/50|Orange Rainbow/25|Wood/25|Black Rainbow/10|Red Rainbow/5|FoilFractor/1|First Card/1
2025-26,2025-26-topps-basketball,Topps Basketball,218,Walter Clayton Jr.,Utah Jazz,true,Base|Golden Mirror Image Variation|Clear Variation|Team Color Border Variation|Blackout Variation|Rainbow Foilboard|Gold/2025|Purple Rainbow/250|Blue Rainbow/150|Green Rainbow/99|Black/68|Gold Rainbow/50|Orange Rainbow/25|Wood/25|Black Rainbow/10|Red Rainbow/5|FoilFractor/1|First Card/1
2025-26,2025-26-topps-basketball,Topps Basketball,219,Nolan Traore,Brooklyn Nets,true,Base|Golden Mirror Image Variation|Clear Variation|Team Color Border Variation|Blackout Variation|Rainbow Foilboard|Gold/2025|Purple Rainbow/250|Blue Rainbow/150|Green Rainbow/99|Black/68|Gold Rainbow/50|Orange Rainbow/25|Wood/25|Black Rainbow/10|Red Rainbow/5|FoilFractor/1|First Card/1
2025-26,2025-26-topps-basketball,Topps Basketball,220,Kasparas Jakučionis,Miami Heat,true,Base|Golden Mirror Image Variation|Clear Variation|Team Color Border Variation|Blackout Variation|Rainbow Foilboard|Gold/2025|Purple Rainbow/250|Blue Rainbow/150|Green Rainbow/99|Black/68|Gold Rainbow/50|Orange Rainbow/25|Wood/25|Black Rainbow/10|Red Rainbow/5|FoilFractor/1|First Card/1
2025-26,2025-26-topps-basketball,Topps Basketball,221,Will Riley,Washington Wizards,true,Base|Golden Mirror Image Variation|Clear Variation|Team Color Border Variation|Blackout Variation|Rainbow Foilboard|Gold/2025|Purple Rainbow/250|Blue Rainbow/150|Green Rainbow/99|Black/68|Gold Rainbow/50|Orange Rainbow/25|Wood/25|Black Rainbow/10|Red Rainbow/5|FoilFractor/1|First Card/1
2025-26,2025-26-topps-basketball,Topps Basketball,222,Drake Powell,Brooklyn Nets,true,Base|Golden Mirror Image Variation|Clear Variation|Team Color Border Variation|Blackout Variation|Rainbow Foilboard|Gold/2025|Purple Rainbow/250|Blue Rainbow/150|Green Rainbow/99|Black/68|Gold Rainbow/50|Orange Rainbow/25|Wood/25|Black Rainbow/10|Red Rainbow/5|FoilFractor/1|First Card/1
2025-26,2025-26-topps-basketball,Topps Basketball,223,Asa Newell,Atlanta Hawks,true,Base|Golden Mirror Image Variation|Clear Variation|Team Color Border Variation|Blackout Variation|Rainbow Foilboard|Gold/2025|Purple Rainbow/250|Blue Rainbow/150|Green Rainbow/99|Black/68|Gold Rainbow/50|Orange Rainbow/25|Wood/25|Black Rainbow/10|Red Rainbow/5|FoilFractor/1|First Card/1
2025-26,2025-26-topps-basketball,Topps Basketball,224,Nique Clifford,Sacramento Kings,true,Base|Golden Mirror Image Variation|Clear Variation|Team Color Border Variation|Blackout Variation|Rainbow Foilboard|Gold/2025|Purple Rainbow/250|Blue Rainbow/150|Green Rainbow/99|Black/68|Gold Rainbow/50|Orange Rainbow/25|Wood/25|Black Rainbow/10|Red Rainbow/5|FoilFractor/1|First Card/1
2025-26,2025-26-topps-basketball,Topps Basketball,225,Jase Richardson,Orlando Magic,true,Base|Golden Mirror Image Variation|Clear Variation|Team Color Border Variation|Blackout Variation|Rainbow Foilboard|Gold/2025|Purple Rainbow/250|Blue Rainbow/150|Green Rainbow/99|Black/68|Gold Rainbow/50|Orange Rainbow/25|Wood/25|Black Rainbow/10|Red Rainbow/5|FoilFractor/1|First Card/1
2025-26,2025-26-topps-basketball,Topps Basketball,226,Ben Saraf,Brooklyn Nets,true,Base|Golden Mirror Image Variation|Clear Variation|Team Color Border Variation|Blackout Variation|Rainbow Foilboard|Gold/2025|Purple Rainbow/250|Blue Rainbow/150|Green Rainbow/99|Black/68|Gold Rainbow/50|Orange Rainbow/25|Wood/25|Black Rainbow/10|Red Rainbow/5|FoilFractor/1|First Card/1
2025-26,2025-26-topps-basketball,Topps Basketball,227,Danny Wolf,Brooklyn Nets,true,Base|Golden Mirror Image Variation|Clear Variation|Team Color Border Variation|Blackout Variation|Rainbow Foilboard|Gold/2025|Purple Rainbow/250|Blue Rainbow/150|Green Rainbow/99|Black/68|Gold Rainbow/50|Orange Rainbow/25|Wood/25|Black Rainbow/10|Red Rainbow/5|FoilFractor/1|First Card/1
2025-26,2025-26-topps-basketball,Topps Basketball,228,Hugo González,Boston Celtics,true,Base|Golden Mirror Image Variation|Clear Variation|Team Color Border Variation|Blackout Variation|Rainbow Foilboard|Gold/2025|Purple Rainbow/250|Blue Rainbow/150|Green Rainbow/99|Black/68|Gold Rainbow/50|Orange Rainbow/25|Wood/25|Black Rainbow/10|Red Rainbow/5|FoilFractor/1|First Card/1
2025-26,2025-26-topps-basketball,Topps Basketball,229,Liam McNeeley,Charlotte Hornets,true,Base|Golden Mirror Image Variation|Clear Variation|Team Color Border Variation|Blackout Variation|Rainbow Foilboard|Gold/2025|Purple Rainbow/250|Blue Rainbow/150|Green Rainbow/99|Black/68|Gold Rainbow/50|Orange Rainbow/25|Wood/25|Black Rainbow/10|Red Rainbow/5|FoilFractor/1|First Card/1
2025-26,2025-26-topps-basketball,Topps Basketball,230,Yanic Konan-Niederhäuser,Los Angeles Clippers,true,Base|Golden Mirror Image Variation|Clear Variation|Team Color Border Variation|Blackout Variation|Rainbow Foilboard|Gold/2025|Purple Rainbow/250|Blue Rainbow/150|Green Rainbow/99|Black/68|Gold Rainbow/50|Orange Rainbow/25|Wood/25|Black Rainbow/10|Red Rainbow/5|FoilFractor/1|First Card/1
2025-26,2025-26-topps-basketball,Topps Basketball,231,Rasheer Fleming,Phoenix Suns,true,Base|Golden Mirror Image Variation|Clear Variation|Team Color Border Variation|Blackout Variation|Rainbow Foilboard|Gold/2025|Purple Rainbow/250|Blue Rainbow/150|Green Rainbow/99|Black/68|Gold Rainbow/50|Orange Rainbow/25|Wood/25|Black Rainbow/10|Red Rainbow/5|FoilFractor/1|First Card/1
2025-26,2025-26-topps-basketball,Topps Basketball,232,Noah Penda,Orlando Magic,true,Base|Golden Mirror Image Variation|Clear Variation|Team Color Border Variation|Blackout Variation|Rainbow Foilboard|Gold/2025|Purple Rainbow/250|Blue Rainbow/150|Green Rainbow/99|Black/68|Gold Rainbow/50|Orange Rainbow/25|Wood/25|Black Rainbow/10|Red Rainbow/5|FoilFractor/1|First Card/1
2025-26,2025-26-topps-basketball,Topps Basketball,233,Sion James,Charlotte Hornets,true,Base|Golden Mirror Image Variation|Clear Variation|Team Color Border Variation|Blackout Variation|Rainbow Foilboard|Gold/2025|Purple Rainbow/250|Blue Rainbow/150|Green Rainbow/99|Black/68|Gold Rainbow/50|Orange Rainbow/25|Wood/25|Black Rainbow/10|Red Rainbow/5|FoilFractor/1|First Card/1
2025-26,2025-26-topps-basketball,Topps Basketball,234,Ryan Kalkbrenner,Charlotte Hornets,true,Base|Golden Mirror Image Variation|Clear Variation|Team Color Border Variation|Blackout Variation|Rainbow Foilboard|Gold/2025|Purple Rainbow/250|Blue Rainbow/150|Green Rainbow/99|Black/68|Gold Rainbow/50|Orange Rainbow/25|Wood/25|Black Rainbow/10|Red Rainbow/5|FoilFractor/1|First Card/1
2025-26,2025-26-topps-basketball,Topps Basketball,235,Johni Broome,Philadelphia 76ers,true,Base|Golden Mirror Image Variation|Clear Variation|Team Color Border Variation|Blackout Variation|Rainbow Foilboard|Gold/2025|Purple Rainbow/250|Blue Rainbow/150|Green Rainbow/99|Black/68|Gold Rainbow/50|Orange Rainbow/25|Wood/25|Black Rainbow/10|Red Rainbow/5|FoilFractor/1|First Card/1
2025-26,2025-26-topps-basketball,Topps Basketball,236,Adou Thiero,Los Angeles Lakers,true,Base|Golden Mirror Image Variation|Clear Variation|Team Color Border Variation|Blackout Variation|Rainbow Foilboard|Gold/2025|Purple Rainbow/250|Blue Rainbow/150|Green Rainbow/99|Black/68|Gold Rainbow/50|Orange Rainbow/25|Wood/25|Black Rainbow/10|Red Rainbow/5|FoilFractor/1|First Card/1
2025-26,2025-26-topps-basketball,Topps Basketball,237,Buddy Hield,Golden State Warriors,false,Base|Golden Mirror Image Variation|Clear Variation|Team Color Border Variation|Blackout Variation|Rainbow Foilboard|Gold/2025|Purple Rainbow/250|Blue Rainbow/150|Green Rainbow/99|Black/68|Gold Rainbow/50|Orange Rainbow/25|Wood/25|Black Rainbow/10|Red Rainbow/5|FoilFractor/1|First Card/1
2025-26,2025-26-topps-basketball,Topps Basketball,238,Chaz Lanier,Detroit Pistons,true,Base|Golden Mirror Image Variation|Clear Variation|Team Color Border Variation|Blackout Variation|Rainbow Foilboard|Gold/2025|Purple Rainbow/250|Blue Rainbow/150|Green Rainbow/99|Black/68|Gold Rainbow/50|Orange Rainbow/25|Wood/25|Black Rainbow/10|Red Rainbow/5|FoilFractor/1|First Card/1
2025-26,2025-26-topps-basketball,Topps Basketball,239,Kam Jones,Indiana Pacers,true,Base|Golden Mirror Image Variation|Clear Variation|Team Color Border Variation|Blackout Variation|Rainbow Foilboard|Gold/2025|Purple Rainbow/250|Blue Rainbow/150|Green Rainbow/99|Black/68|Gold Rainbow/50|Orange Rainbow/25|Wood/25|Black Rainbow/10|Red Rainbow/5|FoilFractor/1|First Card/1
2025-26,2025-26-topps-basketball,Topps Basketball,240,Alijah Martin,Toronto Raptors,true,Base|Golden Mirror Image Variation|Clear Variation|Team Color Border Variation|Blackout Variation|Rainbow Foilboard|Gold/2025|Purple Rainbow/250|Blue Rainbow/150|Green Rainbow/99|Black/68|Gold Rainbow/50|Orange Rainbow/25|Wood/25|Black Rainbow/10|Red Rainbow/5|FoilFractor/1|First Card/1
2025-26,2025-26-topps-basketball,Topps Basketball,241,Micah Peavy,New Orleans Pelicans,true,Base|Golden Mirror Image Variation|Clear Variation|Team Color Border Variation|Blackout Variation|Rainbow Foilboard|Gold/2025|Purple Rainbow/250|Blue Rainbow/150|Green Rainbow/99|Black/68|Gold Rainbow/50|Orange Rainbow/25|Wood/25|Black Rainbow/10|Red Rainbow/5|FoilFractor/1|First Card/1
2025-26,2025-26-topps-basketball,Topps Basketball,242,Koby Brea,Phoenix Suns,true,Base|Golden Mirror Image Variation|Clear Variation|Team Color Border Variation|Blackout Variation|Rainbow Foilboard|Gold/2025|Purple Rainbow/250|Blue Rainbow/150|Green Rainbow/99|Black/68|Gold Rainbow/50|Orange Rainbow/25|Wood/25|Black Rainbow/10|Red Rainbow/5|FoilFractor/1|First Card/1
2025-26,2025-26-topps-basketball,Topps Basketball,243,Maxime Raynaud,Sacramento Kings,true,Base|Golden Mirror Image Variation|Clear Variation|Team Color Border Variation|Blackout Variation|Rainbow Foilboard|Gold/2025|Purple Rainbow/250|Blue Rainbow/150|Green Rainbow/99|Black/68|Gold Rainbow/50|Orange Rainbow/25|Wood/25|Black Rainbow/10|Red Rainbow/5|FoilFractor/1|First Card/1
2025-26,2025-26-topps-basketball,Topps Basketball,244,Jamir Watkins,Washington Wizards,true,Base|Golden Mirror Image Variation|Clear Variation|Team Color Border Variation|Blackout Variation|Rainbow Foilboard|Gold/2025|Purple Rainbow/250|Blue Rainbow/150|Green Rainbow/99|Black/68|Gold Rainbow/50|Orange Rainbow/25|Wood/25|Black Rainbow/10|Red Rainbow/5|FoilFractor/1|First Card/1
2025-26,2025-26-topps-basketball,Topps Basketball,245,Brooks Barnhizer,Oklahoma City Thunder,true,Base|Golden Mirror Image Variation|Clear Variation|Team Color Border Variation|Blackout Variation|Rainbow Foilboard|Gold/2025|Purple Rainbow/250|Blue Rainbow/150|Green Rainbow/99|Black/68|Gold Rainbow/50|Orange Rainbow/25|Wood/25|Black Rainbow/10|Red Rainbow/5|FoilFractor/1|First Card/1
2025-26,2025-26-topps-basketball,Topps Basketball,246,Naji Marshall,Dallas Mavericks,false,Base|Golden Mirror Image Variation|Clear Variation|Team Color Border Variation|Blackout Variation|Rainbow Foilboard|Gold/2025|Purple Rainbow/250|Blue Rainbow/150|Green Rainbow/99|Black/68|Gold Rainbow/50|Orange Rainbow/25|Wood/25|Black Rainbow/10|Red Rainbow/5|FoilFractor/1|First Card/1
2025-26,2025-26-topps-basketball,Topps Basketball,247,Ochai Agbaji,Toronto Raptors,false,Base|Golden Mirror Image Variation|Clear Variation|Team Color Border Variation|Blackout Variation|Rainbow Foilboard|Gold/2025|Purple Rainbow/250|Blue Rainbow/150|Green Rainbow/99|Black/68|Gold Rainbow/50|Orange Rainbow/25|Wood/25|Black Rainbow/10|Red Rainbow/5|FoilFractor/1|First Card/1
2025-26,2025-26-topps-basketball,Topps Basketball,248,Jaden McDaniels,Minnesota Timberwolves,false,Base|Golden Mirror Image Variation|Clear Variation|Team Color Border Variation|Blackout Variation|Rainbow Foilboard|Gold/2025|Purple Rainbow/250|Blue Rainbow/150|Green Rainbow/99|Black/68|Gold Rainbow/50|Orange Rainbow/25|Wood/25|Black Rainbow/10|Red Rainbow/5|FoilFractor/1|First Card/1
2025-26,2025-26-topps-basketball,Topps Basketball,249,GG Jackson II,Memphis Grizzlies,false,Base|Golden Mirror Image Variation|Clear Variation|Team Color Border Variation|Blackout Variation|Rainbow Foilboard|Gold/2025|Purple Rainbow/250|Blue Rainbow/150|Green Rainbow/99|Black/68|Gold Rainbow/50|Orange Rainbow/25|Wood/25|Black Rainbow/10|Red Rainbow/5|FoilFractor/1|First Card/1
2025-26,2025-26-topps-basketball,Topps Basketball,250,Tyrese Proctor,Cleveland Cavaliers,true,Base|Golden Mirror Image Variation|Clear Variation|Team Color Border Variation|Blackout Variation|Rainbow Foilboard|Gold/2025|Purple Rainbow/250|Blue Rainbow/150|Green Rainbow/99|Black/68|Gold Rainbow/50|Orange Rainbow/25|Wood/25|Black Rainbow/10|Red Rainbow/5|FoilFractor/1|First Card/1
2025-26,2025-26-topps-basketball,Topps Basketball,251,Bill Russell,Boston Celtics,false,Base|Golden Mirror Image Variation|Clear Variation|Team Color Border Variation|Blackout Variation|Rainbow Foilboard|Gold/2025|Purple Rainbow/250|Blue Rainbow/150|Green Rainbow/99|Black/68|Gold Rainbow/50|Orange Rainbow/25|Wood/25|Black Rainbow/10|Red Rainbow/5|FoilFractor/1|First Card/1
2025-26,2025-26-topps-basketball,Topps Basketball,252,Dirk Nowitzki,Dallas Mavericks,false,Base|Golden Mirror Image Variation|Clear Variation|Team Color Border Variation|Blackout Variation|Rainbow Foilboard|Gold/2025|Purple Rainbow/250|Blue Rainbow/150|Green Rainbow/99|Black/68|Gold Rainbow/50|Orange Rainbow/25|Wood/25|Black Rainbow/10|Red Rainbow/5|FoilFractor/1|First Card/1
2025-26,2025-26-topps-basketball,Topps Basketball,253,Allen Iverson,Philadelphia 76ers,false,Base|Golden Mirror Image Variation|Clear Variation|Team Color Border Variation|Blackout Variation|Rainbow Foilboard|Gold/2025|Purple Rainbow/250|Blue Rainbow/150|Green Rainbow/99|Black/68|Gold Rainbow/50|Orange Rainbow/25|Wood/25|Black Rainbow/10|Red Rainbow/5|FoilFractor/1|First Card/1
2025-26,2025-26-topps-basketball,Topps Basketball,254,Kevin Garnett,Minnesota Timberwolves,false,Base|Golden Mirror Image Variation|Clear Variation|Team Color Border Variation|Blackout Variation|Rainbow Foilboard|Gold/2025|Purple Rainbow/250|Blue Rainbow/150|Green Rainbow/99|Black/68|Gold Rainbow/50|Orange Rainbow/25|Wood/25|Black Rainbow/10|Red Rainbow/5|FoilFractor/1|First Card/1
2025-26,2025-26-topps-basketball,Topps Basketball,255,Magic Johnson,Los Angeles Lakers,false,Base|Golden Mirror Image Variation|Clear Variation|Team Color Border Variation|Blackout Variation|Rainbow Foilboard|Gold/2025|Purple Rainbow/250|Blue Rainbow/150|Green Rainbow/99|Black/68|Gold Rainbow/50|Orange Rainbow/25|Wood/25|Black Rainbow/10|Red Rainbow/5|FoilFractor/1|First Card/1
2025-26,2025-26-topps-basketball,Topps Basketball,256,Carmelo Anthony,Denver Nuggets,false,Base|Golden Mirror Image Variation|Clear Variation|Team Color Border Variation|Blackout Variation|Rainbow Foilboard|Gold/2025|Purple Rainbow/250|Blue Rainbow/150|Green Rainbow/99|Black/68|Gold Rainbow/50|Orange Rainbow/25|Wood/25|Black Rainbow/10|Red Rainbow/5|FoilFractor/1|First Card/1
2025-26,2025-26-topps-basketball,Topps Basketball,257,Larry Bird,Boston Celtics,false,Base|Golden Mirror Image Variation|Clear Variation|Team Color Border Variation|Blackout Variation|Rainbow Foilboard|Gold/2025|Purple Rainbow/250|Blue Rainbow/150|Green Rainbow/99|Black/68|Gold Rainbow/50|Orange Rainbow/25|Wood/25|Black Rainbow/10|Red Rainbow/5|FoilFractor/1|First Card/1
2025-26,2025-26-topps-basketball,Topps Basketball,258,Rick Barry,Golden State Warriors,false,Base|Golden Mirror Image Variation|Clear Variation|Team Color Border Variation|Blackout Variation|Rainbow Foilboard|Gold/2025|Purple Rainbow/250|Blue Rainbow/150|Green Rainbow/99|Black/68|Gold Rainbow/50|Orange Rainbow/25|Wood/25|Black Rainbow/10|Red Rainbow/5|FoilFractor/1|First Card/1
2025-26,2025-26-topps-basketball,Topps Basketball,259,Kareem Abdul-Jabbar,Milwaukee Bucks,false,Base|Golden Mirror Image Variation|Clear Variation|Team Color Border Variation|Blackout Variation|Rainbow Foilboard|Gold/2025|Purple Rainbow/250|Blue Rainbow/150|Green Rainbow/99|Black/68|Gold Rainbow/50|Orange Rainbow/25|Wood/25|Black Rainbow/10|Red Rainbow/5|FoilFractor/1|First Card/1
2025-26,2025-26-topps-basketball,Topps Basketball,260,Shaquille O'Neal,Orlando Magic,false,Base|Golden Mirror Image Variation|Clear Variation|Team Color Border Variation|Blackout Variation|Rainbow Foilboard|Gold/2025|Purple Rainbow/250|Blue Rainbow/150|Green Rainbow/99|Black/68|Gold Rainbow/50|Orange Rainbow/25|Wood/25|Black Rainbow/10|Red Rainbow/5|FoilFractor/1|First Card/1
2025-26,2025-26-topps-basketball,Topps Basketball,261,Dwyane Wade,Miami Heat,false,Base|Golden Mirror Image Variation|Clear Variation|Team Color Border Variation|Blackout Variation|Rainbow Foilboard|Gold/2025|Purple Rainbow/250|Blue Rainbow/150|Green Rainbow/99|Black/68|Gold Rainbow/50|Orange Rainbow/25|Wood/25|Black Rainbow/10|Red Rainbow/5|FoilFractor/1|First Card/1
2025-26,2025-26-topps-basketball,Topps Basketball,262,Manu Ginobili,San Antonio Spurs,false,Base|Golden Mirror Image Variation|Clear Variation|Team Color Border Variation|Blackout Variation|Rainbow Foilboard|Gold/2025|Purple Rainbow/250|Blue Rainbow/150|Green Rainbow/99|Black/68|Gold Rainbow/50|Orange Rainbow/25|Wood/25|Black Rainbow/10|Red Rainbow/5|FoilFractor/1|First Card/1
2025-26,2025-26-topps-basketball,Topps Basketball,263,Tracy McGrady,Houston Rockets,false,Base|Golden Mirror Image Variation|Clear Variation|Team Color Border Variation|Blackout Variation|Rainbow Foilboard|Gold/2025|Purple Rainbow/250|Blue Rainbow/150|Green Rainbow/99|Black/68|Gold Rainbow/50|Orange Rainbow/25|Wood/25|Black Rainbow/10|Red Rainbow/5|FoilFractor/1|First Card/1
2025-26,2025-26-topps-basketball,Topps Basketball,264,John Stockton,Utah Jazz,false,Base|Golden Mirror Image Variation|Clear Variation|Team Color Border Variation|Blackout Variation|Rainbow Foilboard|Gold/2025|Purple Rainbow/250|Blue Rainbow/150|Green Rainbow/99|Black/68|Gold Rainbow/50|Orange Rainbow/25|Wood/25|Black Rainbow/10|Red Rainbow/5|FoilFractor/1|First Card/1
2025-26,2025-26-topps-basketball,Topps Basketball,265,George Gervin,San Antonio Spurs,false,Base|Golden Mirror Image Variation|Clear Variation|Team Color Border Variation|Blackout Variation|Rainbow Foilboard|Gold/2025|Purple Rainbow/250|Blue Rainbow/150|Green Rainbow/99|Black/68|Gold Rainbow/50|Orange Rainbow/25|Wood/25|Black Rainbow/10|Red Rainbow/5|FoilFractor/1|First Card/1
2025-26,2025-26-topps-basketball,Topps Basketball,266,Spud Webb,Atlanta Hawks,false,Base|Golden Mirror Image Variation|Clear Variation|Team Color Border Variation|Blackout Variation|Rainbow Foilboard|Gold/2025|Purple Rainbow/250|Blue Rainbow/150|Green Rainbow/99|Black/68|Gold Rainbow/50|Orange Rainbow/25|Wood/25|Black Rainbow/10|Red Rainbow/5|FoilFractor/1|First Card/1
2025-26,2025-26-topps-basketball,Topps Basketball,267,Steve Kerr,San Antonio Spurs,false,Base|Golden Mirror Image Variation|Clear Variation|Team Color Border Variation|Blackout Variation|Rainbow Foilboard|Gold/2025|Purple Rainbow/250|Blue Rainbow/150|Green Rainbow/99|Black/68|Gold Rainbow/50|Orange Rainbow/25|Wood/25|Black Rainbow/10|Red Rainbow/5|FoilFractor/1|First Card/1
2025-26,2025-26-topps-basketball,Topps Basketball,268,Bernard King,New York Knicks,false,Base|Golden Mirror Image Variation|Clear Variation|Team Color Border Variation|Blackout Variation|Rainbow Foilboard|Gold/2025|Purple Rainbow/250|Blue Rainbow/150|Green Rainbow/99|Black/68|Gold Rainbow/50|Orange Rainbow/25|Wood/25|Black Rainbow/10|Red Rainbow/5|FoilFractor/1|First Card/1
2025-26,2025-26-topps-basketball,Topps Basketball,269,Isiah Thomas,Detroit Pistons,false,Base|Golden Mirror Image Variation|Clear Variation|Team Color Border Variation|Blackout Variation|Rainbow Foilboard|Gold/2025|Purple Rainbow/250|Blue Rainbow/150|Green Rainbow/99|Black/68|Gold Rainbow/50|Orange Rainbow/25|Wood/25|Black Rainbow/10|Red Rainbow/5|FoilFractor/1|First Card/1
2025-26,2025-26-topps-basketball,Topps Basketball,270,Detlef Schrempf,Seattle Supersonics,false,Base|Golden Mirror Image Variation|Clear Variation|Team Color Border Variation|Blackout Variation|Rainbow Foilboard|Gold/2025|Purple Rainbow/250|Blue Rainbow/150|Green Rainbow/99|Black/68|Gold Rainbow/50|Orange Rainbow/25|Wood/25|Black Rainbow/10|Red Rainbow/5|FoilFractor/1|First Card/1
2025-26,2025-26-topps-basketball,Topps Basketball,271,Paolo Banchero,Orlando Magic,false,Base|Clear Variation|Team Color Border Variation|Golden Mirror Image Variation|Blackout Variation|Rainbow Foilboard|Gold/2025|Purple Rainbow/250|Blue Rainbow/150|Green Rainbow/99|Black/68|Gold Rainbow/50|Orange Rainbow/25|Wood/25|Black Rainbow/10|Red Rainbow/5|FoilFractor/1|First Card/1
2025-26,2025-26-topps-basketball,Topps Basketball,272,Jayson Tatum,Boston Celtics,false,Base|Clear Variation|Team Color Border Variation|Golden Mirror Image Variation|Blackout Variation|Rainbow Foilboard|Gold/2025|Purple Rainbow/250|Blue Rainbow/150|Green Rainbow/99|Black/68|Gold Rainbow/50|Orange Rainbow/25|Wood/25|Black Rainbow/10|Red Rainbow/5|FoilFractor/1|First Card/1
2025-26,2025-26-topps-basketball,Topps Basketball,273,Cameron Johnson,Brooklyn Nets,false,Base|Clear Variation|Team Color Border Variation|Golden Mirror Image Variation|Blackout Variation|Rainbow Foilboard|Gold/2025|Purple Rainbow/250|Blue Rainbow/150|Green Rainbow/99|Black/68|Gold Rainbow/50|Orange Rainbow/25|Wood/25|Black Rainbow/10|Red Rainbow/5|FoilFractor/1|First Card/1
2025-26,2025-26-topps-basketball,Topps Basketball,274,Jalen Brunson,New York Knicks,false,Base|Clear Variation|Team Color Border Variation|Golden Mirror Image Variation|Blackout Variation|Rainbow Foilboard|Gold/2025|Purple Rainbow/250|Blue Rainbow/150|Green Rainbow/99|Black/68|Gold Rainbow/50|Orange Rainbow/25|Wood/25|Black Rainbow/10|Red Rainbow/5|FoilFractor/1|First Card/1
2025-26,2025-26-topps-basketball,Topps Basketball,275,Jared McCain,Philadelphia 76ers,false,Base|Clear Variation|Team Color Border Variation|Golden Mirror Image Variation|Blackout Variation|Rainbow Foilboard|Gold/2025|Purple Rainbow/250|Blue Rainbow/150|Green Rainbow/99|Black/68|Gold Rainbow/50|Orange Rainbow/25|Wood/25|Black Rainbow/10|Red Rainbow/5|FoilFractor/1|First Card/1
2025-26,2025-26-topps-basketball,Topps Basketball,276,RJ Barrett,Toronto Raptors,false,Base|Clear Variation|Team Color Border Variation|Golden Mirror Image Variation|Rainbow Foilboard|Gold/2025|Purple Rainbow/250|Blue Rainbow/150|Green Rainbow/99|Black/68|Gold Rainbow/50|Orange Rainbow/25|Wood/25|Black Rainbow/10|Red Rainbow/5|FoilFractor/1|First Card/1
2025-26,2025-26-topps-basketball,Topps Basketball,277,Josh Giddey,Chicago Bulls,false,Base|Clear Variation|Team Color Border Variation|Golden Mirror Image Variation|Blackout Variation|Rainbow Foilboard|Gold/2025|Purple Rainbow/250|Blue Rainbow/150|Green Rainbow/99|Black/68|Gold Rainbow/50|Orange Rainbow/25|Wood/25|Black Rainbow/10|Red Rainbow/5|FoilFractor/1|First Card/1
2025-26,2025-26-topps-basketball,Topps Basketball,278,Donovan Mitchell,Cleveland Cavaliers,false,Base|Clear Variation|Team Color Border Variation|Golden Mirror Image Variation|Blackout Variation|Rainbow Foilboard|Gold/2025|Purple Rainbow/250|Blue Rainbow/150|Green Rainbow/99|Black/68|Gold Rainbow/50|Orange Rainbow/25|Wood/25|Black Rainbow/10|Red Rainbow/5|FoilFractor/1|First Card/1
2025-26,2025-26-topps-basketball,Topps Basketball,279,Cade Cunningham,Detroit Pistons,false,Base|Clear Variation|Team Color Border Variation|Golden Mirror Image Variation|Blackout Variation|Rainbow Foilboard|Gold/2025|Purple Rainbow/250|Blue Rainbow/150|Green Rainbow/99|Black/68|Gold Rainbow/50|Orange Rainbow/25|Wood/25|Black Rainbow/10|Red Rainbow/5|FoilFractor/1|First Card/1
2025-26,2025-26-topps-basketball,Topps Basketball,280,Tyrese Haliburton,Indiana Pacers,false,Base|Clear Variation|Team Color Border Variation|Golden Mirror Image Variation|Blackout Variation|Rainbow Foilboard|Gold/2025|Purple Rainbow/250|Blue Rainbow/150|Green Rainbow/99|Black/68|Gold Rainbow/50|Orange Rainbow/25|Wood/25|Black Rainbow/10|Red Rainbow/5|FoilFractor/1|First Card/1
2025-26,2025-26-topps-basketball,Topps Basketball,281,Giannis Antetokounmpo,Milwaukee Bucks,false,Base|Clear Variation|Team Color Border Variation|Golden Mirror Image Variation|Blackout Variation|Rainbow Foilboard|Gold/2025|Purple Rainbow/250|Blue Rainbow/150|Green Rainbow/99|Black/68|Gold Rainbow/50|Orange Rainbow/25|Wood/25|Black Rainbow/10|Red Rainbow/5|FoilFractor/1|First Card/1
2025-26,2025-26-topps-basketball,Topps Basketball,282,Trae Young,Atlanta Hawks,false,Base|Clear Variation|Team Color Border Variation|Golden Mirror Image Variation|Blackout Variation|Rainbow Foilboard|Gold/2025|Purple Rainbow/250|Blue Rainbow/150|Green Rainbow/99|Black/68|Gold Rainbow/50|Orange Rainbow/25|Wood/25|Black Rainbow/10|Red Rainbow/5|FoilFractor/1|First Card/1
2025-26,2025-26-topps-basketball,Topps Basketball,283,Brandon Miller,Charlotte Hornets,false,Base|Clear Variation|Team Color Border Variation|Golden Mirror Image Variation|Blackout Variation|Rainbow Foilboard|Gold/2025|Purple Rainbow/250|Blue Rainbow/150|Green Rainbow/99|Black/68|Gold Rainbow/50|Orange Rainbow/25|Wood/25|Black Rainbow/10|Red Rainbow/5|FoilFractor/1|First Card/1
2025-26,2025-26-topps-basketball,Topps Basketball,284,Tyler Herro,Miami Heat,false,Base|Clear Variation|Team Color Border Variation|Golden Mirror Image Variation|Blackout Variation|Rainbow Foilboard|Gold/2025|Purple Rainbow/250|Blue Rainbow/150|Green Rainbow/99|Black/68|Gold Rainbow/50|Orange Rainbow/25|Wood/25|Black Rainbow/10|Red Rainbow/5|FoilFractor/1|First Card/1
2025-26,2025-26-topps-basketball,Topps Basketball,285,Alex Sarr,Washington Wizards,false,Base|Clear Variation|Team Color Border Variation|Golden Mirror Image Variation|Blackout Variation|Rainbow Foilboard|Gold/2025|Purple Rainbow/250|Blue Rainbow/150|Green Rainbow/99|Black/68|Gold Rainbow/50|Orange Rainbow/25|Wood/25|Black Rainbow/10|Red Rainbow/5|FoilFractor/1|First Card/1
2025-26,2025-26-topps-basketball,Topps Basketball,286,Nikola Jokić,Denver Nuggets,false,Base|Clear Variation|Team Color Border Variation|Golden Mirror Image Variation|Blackout Variation|Rainbow Foilboard|Gold/2025|Purple Rainbow/250|Blue Rainbow/150|Green Rainbow/99|Black/68|Gold Rainbow/50|Orange Rainbow/25|Wood/25|Black Rainbow/10|Red Rainbow/5|FoilFractor/1|First Card/1
2025-26,2025-26-topps-basketball,Topps Basketball,287,Anthony Edwards,Minnesota Timberwolves,false,Base|Clear Variation|Team Color Border Variation|Golden Mirror Image Variation|Blackout Variation|Rainbow Foilboard|Gold/2025|Purple Rainbow/250|Blue Rainbow/150|Green Rainbow/99|Black/68|Gold Rainbow/50|Orange Rainbow/25|Wood/25|Black Rainbow/10|Red Rainbow/5|FoilFractor/1|First Card/1
2025-26,2025-26-topps-basketball,Topps Basketball,288,Shai Gilgeous-Alexander,Oklahoma City Thunder,false,Base|Clear Variation|Team Color Border Variation|Golden Mirror Image Variation|Blackout Variation|Rainbow Foilboard|Gold/2025|Purple Rainbow/250|Blue Rainbow/150|Green Rainbow/99|Black/68|Gold Rainbow/50|Orange Rainbow/25|Wood/25|Black Rainbow/10|Red Rainbow/5|FoilFractor/1|First Card/1
2025-26,2025-26-topps-basketball,Topps Basketball,289,Shaedon Sharpe,Portland Trail Blazers,false,Base|Clear Variation|Team Color Border Variation|Golden Mirror Image Variation|Blackout Variation|Rainbow Foilboard|Gold/2025|Purple Rainbow/250|Blue Rainbow/150|Green Rainbow/99|Black/68|Gold Rainbow/50|Orange Rainbow/25|Wood/25|Black Rainbow/10|Red Rainbow/5|FoilFractor/1|First Card/1
2025-26,2025-26-topps-basketball,Topps Basketball,290,Kyle Filipowski,Utah Jazz,false,Base|Clear Variation|Team Color Border Variation|Golden Mirror Image Variation|Blackout Variation|Rainbow Foilboard|Gold/2025|Purple Rainbow/250|Blue Rainbow/150|Green Rainbow/99|Black/68|Gold Rainbow/50|Orange Rainbow/25|Wood/25|Black Rainbow/10|Red Rainbow/5|FoilFractor/1|First Card/1
2025-26,2025-26-topps-basketball,Topps Basketball,291,Stephen Curry,Golden State Warriors,false,Base|Clear Variation|Team Color Border Variation|Golden Mirror Image Variation|Blackout Variation|Rainbow Foilboard|Gold/2025|Purple Rainbow/250|Blue Rainbow/150|Green Rainbow/99|Black/68|Gold Rainbow/50|Orange Rainbow/25|Wood/25|Black Rainbow/10|Red Rainbow/5|FoilFractor/1|First Card/1
2025-26,2025-26-topps-basketball,Topps Basketball,292,James Harden,Los Angeles Clippers,false,Base|Clear Variation|Team Color Border Variation|Golden Mirror Image Variation|Blackout Variation|Rainbow Foilboard|Gold/2025|Purple Rainbow/250|Blue Rainbow/150|Green Rainbow/99|Black/68|Gold Rainbow/50|Orange Rainbow/25|Wood/25|Black Rainbow/10|Red Rainbow/5|FoilFractor/1|First Card/1
2025-26,2025-26-topps-basketball,Topps Basketball,293,Austin Reaves,Los Angeles Lakers,false,Base|Clear Variation|Team Color Border Variation|Golden Mirror Image Variation|Blackout Variation|Rainbow Foilboard|Gold/2025|Purple Rainbow/250|Blue Rainbow/150|Green Rainbow/99|Black/68|Gold Rainbow/50|Orange Rainbow/25|Wood/25|Black Rainbow/10|Red Rainbow/5|FoilFractor/1|First Card/1
2025-26,2025-26-topps-basketball,Topps Basketball,294,Devin Booker,Phoenix Suns,false,Base|Clear Variation|Team Color Border Variation|Golden Mirror Image Variation|Blackout Variation|Rainbow Foilboard|Gold/2025|Purple Rainbow/250|Blue Rainbow/150|Green Rainbow/99|Black/68|Gold Rainbow/50|Orange Rainbow/25|Wood/25|Black Rainbow/10|Red Rainbow/5|FoilFractor/1|First Card/1
2025-26,2025-26-topps-basketball,Topps Basketball,295,Zach Lavine,Sacramento Kings,false,Base|Clear Variation|Team Color Border Variation|Golden Mirror Image Variation|Blackout Variation|Rainbow Foilboard|Gold/2025|Purple Rainbow/250|Blue Rainbow/150|Green Rainbow/99|Black/68|Gold Rainbow/50|Orange Rainbow/25|Wood/25|Black Rainbow/10|Red Rainbow/5|FoilFractor/1|First Card/1
2025-26,2025-26-topps-basketball,Topps Basketball,296,Anthony Davis,Dallas Mavericks,false,Base|Clear Variation|Team Color Border Variation|Golden Mirror Image Variation|Blackout Variation|Rainbow Foilboard|Gold/2025|Purple Rainbow/250|Blue Rainbow/150|Green Rainbow/99|Black/68|Gold Rainbow/50|Orange Rainbow/25|Wood/25|Black Rainbow/10|Red Rainbow/5|FoilFractor/1|First Card/1
2025-26,2025-26-topps-basketball,Topps Basketball,297,Amen Thompson,Houston Rockets,false,Base|Clear Variation|Team Color Border Variation|Golden Mirror Image Variation|Blackout Variation|Rainbow Foilboard|Gold/2025|Purple Rainbow/250|Blue Rainbow/150|Green Rainbow/99|Black/68|Gold Rainbow/50|Orange Rainbow/25|Wood/25|Black Rainbow/10|Red Rainbow/5|FoilFractor/1|First Card/1
2025-26,2025-26-topps-basketball,Topps Basketball,298,Ja Morant,Memphis Grizzlies,false,Base|Clear Variation|Team Color Border Variation|Golden Mirror Image Variation|Blackout Variation|Rainbow Foilboard|Gold/2025|Purple Rainbow/250|Blue Rainbow/150|Green Rainbow/99|Black/68|Gold Rainbow/50|Orange Rainbow/25|Wood/25|Black Rainbow/10|Red Rainbow/5|FoilFractor/1|First Card/1
2025-26,2025-26-topps-basketball,Topps Basketball,299,Trey Murphy III,New Orleans Pelicans,false,Base|Clear Variation|Team Color Border Variation|Golden Mirror Image Variation|Blackout Variation|Rainbow Foilboard|Gold/2025|Purple Rainbow/250|Blue Rainbow/150|Green Rainbow/99|Black/68|Gold Rainbow/50|Orange Rainbow/25|Wood/25|Black Rainbow/10|Red Rainbow/5|FoilFractor/1|First Card/1
2025-26,2025-26-topps-basketball,Topps Basketball,300,Victor Wembanyama,San Antonio Spurs,false,Base|Clear Variation|Team Color Border Variation|Golden Mirror Image Variation|Blackout Variation|Rainbow Foilboard|Gold/2025|Purple Rainbow/250|Blue Rainbow/150|Green Rainbow/99|Black/68|Gold Rainbow/50|Orange Rainbow/25|Wood/25|Black Rainbow/10|Red Rainbow/5|FoilFractor/1|First Card/1
