season,set_slug,set_name,card_number,player_name,team,is_rookie,parallels
2025-26,2025-26-topps-chrome,Topps Chrome,1,Pascal Siakam,Indiana Pacers,false,Base|Refractor|Prism Refractor|Negative Refractor|Magenta Refractor/399|Teal Refractor/299|Yellow Refractor/275|Aqua Refractor/199|Blue Refractor/150|Green Refractor/99|Purple Refractor/75|Gold Refractor/50|Orange Refractor/25|Black Refractor/10|Red Refractor/5|FrozenFractor/5|Superfractor/1|Blue Wave Refractor/150|Green Wave Refractor/99|Purple Wave Refractor/75|Gold Wave Refractor/50|Orange Wave Refractor/25
2025-26,2025-26-topps-chrome,Topps Chrome,2,Zaccharie Risacher,Atlanta Hawks,false,Base|Image Variation|Refractor|Prism Refractor|Negative Refractor|Magenta Refractor/399|Teal Refractor/299|Yellow Refractor/275|Aqua Refractor/199|Blue Refractor/150|Green Refractor/99|Purple Refractor/75|Gold Refractor/50|Orange Refractor/25|Black Refractor/10|Red Refractor/5|FrozenFractor/5|Superfractor/1|Blue Wave Refractor/150|Green Wave Refractor/99|Purple Wave Refractor/75|Gold Wave Refractor/50|Orange Wave Refractor/25
2025-26,2025-26-topps-chrome,Topps Chrome,3,Tyrese Haliburton,Indiana Pacers,false,Base|Image Variation|Refractor|Prism Refractor|Negative Refractor|Magenta Refractor/399|Teal Refractor/299|Yellow Refractor/275|Aqua Refractor/199|Blue Refractor/150|Green Refractor/99|Purple Refractor/75|Gold Refractor/50|Orange Refractor/25|Black Refractor/10|Red Refractor/5|FrozenFractor/5|Superfractor/1|Blue Wave Refractor/150|Green Wave Refractor/99|Purple Wave Refractor/75|Gold Wave Refractor/50|Orange Wave Refractor/25
2025-26,2025-26-topps-chrome,Topps Chrome,4,Ty Jerome,Cleveland Cavaliers,false,Base|Refractor|Prism Refractor|Negative Refractor|Magenta Refractor/399|Teal Refractor/299|Yellow Refractor/275|Aqua Refractor/199|Blue Refractor/150|Green Refractor/99|Purple Refractor/75|Gold Refractor/50|Orange Refractor/25|Black Refractor/10|Red Refractor/5|FrozenFractor/5|Superfractor/1|Blue Wave Refractor/150|Green Wave Refractor/99|Purple Wave Refractor/75|Gold Wave Refractor/50|Orange Wave Refractor/25
2025-26,2025-26-topps-chrome,Topps Chrome,5,Trae Young,Atlanta Hawks,false,Base|Refractor|Prism Refractor|Negative Refractor|Magenta Refractor/399|Teal Refractor/299|Yellow Refractor/275|Aqua Refractor/199|Blue Refractor/150|Green Refractor/99|Purple Refractor/75|Gold Refractor/50|Orange Refractor/25|Black Refractor/10|Red Refractor/5|FrozenFractor/5|Superfractor/1|Blue Wave Refractor/150|Green Wave Refractor/99|Purple Wave Refractor/75|Gold Wave Refractor/50|Orange Wave Refractor/25
2025-26,2025-26-topps-chrome,Topps Chrome,6,Tobias Harris,Detroit Pistons,false,Base|Refractor|Prism Refractor|Negative Refractor|Magenta Refractor/399|Teal Refractor/299|Yellow Refractor/275|Aqua Refractor/199|Blue Refractor/150|Green Refractor/99|Purple Refractor/75|Gold Refractor/50|Orange Refractor/25|Black Refractor/10|Red Refractor/5|FrozenFractor/5|Superfractor/1|Blue Wave Refractor/150|Green Wave Refractor/99|Purple Wave Refractor/75|Gold Wave Refractor/50|Orange Wave Refractor/25
2025-26,2025-26-topps-chrome,Topps Chrome,7,Tim Hardaway Jr.,Detroit Pistons,false,Base|Refractor|Prism Refractor|Negative Refractor|Magenta Refractor/399|Teal Refractor/299|Yellow Refractor/275|Aqua Refractor/199|Blue Refractor/150|Green Refractor/99|Purple Refractor/75|Gold Refractor/50|Orange Refractor/25|Black Refractor/10|Red Refractor/5|FrozenFractor/5|Superfractor/1|Blue Wave Refractor/150|Green Wave Refractor/99|Purple Wave Refractor/75|Gold Wave Refractor/50|Orange Wave Refractor/25
2025-26,2025-26-topps-chrome,Topps Chrome,8,Tidjane Salaün,Charlotte Hornets,false,Base|Refractor|Prism Refractor|Negative Refractor|Magenta Refractor/399|Teal Refractor/299|Yellow Refractor/275|Aqua Refractor/199|Blue Refractor/150|Green Refractor/99|Purple Refractor/75|Gold Refractor/50|Orange Refractor/25|Black Refractor/10|Red Refractor/5|FrozenFractor/5|Superfractor/1|Blue Wave Refractor/150|Green Wave Refractor/99|Purple Wave Refractor/75|Gold Wave Refractor/50|Orange Wave Refractor/25
2025-26,2025-26-topps-chrome,Topps Chrome,9,Terance Mann,Atlanta Hawks,false,Base|Refractor|Prism Refractor|Negative Refractor|Magenta Refractor/399|Teal Refractor/299|Yellow Refractor/275|Aqua Refractor/199|Blue Refractor/150|Green Refractor/99|Purple Refractor/75|Gold Refractor/50|Orange Refractor/25|Black Refractor/10|Red Refractor/5|FrozenFractor/5|Superfractor/1|Blue Wave Refractor/150|Green Wave Refractor/99|Purple Wave Refractor/75|Gold Wave Refractor/50|Orange Wave Refractor/25
2025-26,2025-26-topps-chrome,Topps Chrome,10,Talen Horton-Tucker,Chicago Bulls,false,Base|Refractor|Prism Refractor|Negative Refractor|Magenta Refractor/399|Teal Refractor/299|Yellow Refractor/275|Aqua Refractor/199|Blue Refractor/150|Green Refractor/99|Purple Refractor/75|Gold Refractor/50|Orange Refractor/25|Black Refractor/10|Red Refractor/5|FrozenFractor/5|Superfractor/1|Blue Wave Refractor/150|Green Wave Refractor/99|Purple Wave Refractor/75|Gold Wave Refractor/50|Orange Wave Refractor/25
2025-26,2025-26-topps-chrome,Topps Chrome,11,T.J. McConnell,Indiana Pacers,false,Base|Refractor|Prism Refractor|Negative Refractor|Magenta Refractor/399|Teal Refractor/299|Yellow Refractor/275|Aqua Refractor/199|Blue Refractor/150|Green Refractor/99|Purple Refractor/75|Gold Refractor/50|Orange Refractor/25|Black Refractor/10|Red Refractor/5|FrozenFractor/5|Superfractor/1|Blue Wave Refractor/150|Green Wave Refractor/99|Purple Wave Refractor/75|Gold Wave Refractor/50|Orange Wave Refractor/25
2025-26,2025-26-topps-chrome,Topps Chrome,12,Steven Adams,Houston Rockets,false,Base|Refractor|Prism Refractor|Negative Refractor|Magenta Refractor/399|Teal Refractor/299|Yellow Refractor/275|Aqua Refractor/199|Blue Refractor/150|Green Refractor/99|Purple Refractor/75|Gold Refractor/50|Orange Refractor/25|Black Refractor/10|Red Refractor/5|FrozenFractor/5|Superfractor/1|Blue Wave Refractor/150|Green Wave Refractor/99|Purple Wave Refractor/75|Gold Wave Refractor/50|Orange Wave Refractor/25
2025-26,2025-26-topps-chrome,Topps Chrome,13,Spencer Dinwiddie,Dallas Mavericks,false,Base|Refractor|Prism Refractor|Negative Refractor|Magenta Refractor/399|Teal Refractor/299|Yellow Refractor/275|Aqua Refractor/199|Blue Refractor/150|Green Refractor/99|Purple Refractor/75|Gold Refractor/50|Orange Refractor/25|Black Refractor/10|Red Refractor/5|FrozenFractor/5|Superfractor/1|Blue Wave Refractor/150|Green Wave Refractor/99|Purple Wave Refractor/75|Gold Wave Refractor/50|Orange Wave Refractor/25
2025-26,2025-26-topps-chrome,Topps Chrome,14,Sam Hauser,Boston Celtics,false,Base|Refractor|Prism Refractor|Negative Refractor|Magenta Refractor/399|Teal Refractor/299|Yellow Refractor/275|Aqua Refractor/199|Blue Refractor/150|Green Refractor/99|Purple Refractor/75|Gold Refractor/50|Orange Refractor/25|Black Refractor/10|Red Refractor/5|FrozenFractor/5|Superfractor/1|Blue Wave Refractor/150|Green Wave Refractor/99|Purple Wave Refractor/75|Gold Wave Refractor/50|Orange Wave Refractor/25
2025-26,2025-26-topps-chrome,Topps Chrome,15,Russell Westbrook,Denver Nuggets,false,Base|Refractor|Prism Refractor|Negative Refractor|Magenta Refractor/399|Teal Refractor/299|Yellow Refractor/275|Aqua Refractor/199|Blue Refractor/150|Green Refractor/99|Purple Refractor/75|Gold Refractor/50|Orange Refractor/25|Black Refractor/10|Red Refractor/5|FrozenFractor/5|Superfractor/1|Blue Wave Refractor/150|Green Wave Refractor/99|Purple Wave Refractor/75|Gold Wave Refractor/50|Orange Wave Refractor/25
2025-26,2025-26-topps-chrome,Topps Chrome,16,Ron Holland II,Detroit Pistons,false,Base|Refractor|Prism Refractor|Negative Refractor|Magenta Refractor/399|Teal Refractor/299|Yellow Refractor/275|Aqua Refractor/199|Blue Refractor/150|Green Refractor/99|Purple Refractor/75|Gold Refractor/50|Orange Refractor/25|Black Refractor/10|Red Refractor/5|FrozenFractor/5|Superfractor/1|Blue Wave Refractor/150|Green Wave Refractor/99|Purple Wave Refractor/75|Gold Wave Refractor/50|Orange Wave Refractor/25
2025-26,2025-26-topps-chrome,Topps Chrome,17,Amen Thompson,Houston Rockets,false,Base|Refractor|Prism Refractor|Negative Refractor|Magenta Refractor/399|Teal Refractor/299|Yellow Refractor/275|Aqua Refractor/199|Blue Refractor/150|Green Refractor/99|Purple Refractor/75|Gold Refractor/50|Orange Refractor/25|Black Refractor/10|Red Refractor/5|FrozenFractor/5|Superfractor/1|Blue Wave Refractor/150|Green Wave Refractor/99|Purple Wave Refractor/75|Gold Wave Refractor/50|Orange Wave Refractor/25
2025-26,2025-26-topps-chrome,Topps Chrome,18,Payton Pritchard,Boston Celtics,false,Base|Refractor|Prism Refractor|Negative Refractor|Magenta Refractor/399|Teal Refractor/299|Yellow Refractor/275|Aqua Refractor/199|Blue Refractor/150|Green Refractor/99|Purple Refractor/75|Gold Refractor/50|Orange Refractor/25|Black Refractor/10|Red Refractor/5|FrozenFractor/5|Superfractor/1|Blue Wave Refractor/150|Green Wave Refractor/99|Purple Wave Refractor/75|Gold Wave Refractor/50|Orange Wave Refractor/25
2025-26,2025-26-topps-chrome,Topps Chrome,19,P.J. Washington,Dallas Mavericks,false,Base|Refractor|Prism Refractor|Negative Refractor|Magenta Refractor/399|Teal Refractor/299|Yellow Refractor/275|Aqua Refractor/199|Blue Refractor/150|Green Refractor/99|Purple Refractor/75|Gold Refractor/50|Orange Refractor/25|Black Refractor/10|Red Refractor/5|FrozenFractor/5|Superfractor/1|Blue Wave Refractor/150|Green Wave Refractor/99|Purple Wave Refractor/75|Gold Wave Refractor/50|Orange Wave Refractor/25
2025-26,2025-26-topps-chrome,Topps Chrome,20,Oshae Brissett,Philadelphia 76ers,false,Base|Refractor|Prism Refractor|Negative Refractor|Magenta Refractor/399|Teal Refractor/299|Yellow Refractor/275|Aqua Refractor/199|Blue Refractor/150|Green Refractor/99|Purple Refractor/75|Gold Refractor/50|Orange Refractor/25|Black Refractor/10|Red Refractor/5|FrozenFractor/5|Superfractor/1|Blue Wave Refractor/150|Green Wave Refractor/99|Purple Wave Refractor/75|Gold Wave Refractor/50|Orange Wave Refractor/25
2025-26,2025-26-topps-chrome,Topps Chrome,21,Onyeka Okongwu,Atlanta Hawks,false,Base|Refractor|Prism Refractor|Negative Refractor|Magenta Refractor/399|Teal Refractor/299|Yellow Refractor/275|Aqua Refractor/199|Blue Refractor/150|Green Refractor/99|Purple Refractor/75|Gold Refractor/50|Orange Refractor/25|Black Refractor/10|Red Refractor/5|FrozenFractor/5|Superfractor/1|Blue Wave Refractor/150|Green Wave Refractor/99|Purple Wave Refractor/75|Gold Wave Refractor/50|Orange Wave Refractor/25
2025-26,2025-26-topps-chrome,Topps Chrome,22,Norman Powell,Los Angeles Clippers,false,Base|Refractor|Prism Refractor|Negative Refractor|Magenta Refractor/399|Teal Refractor/299|Yellow Refractor/275|Aqua Refractor/199|Blue Refractor/150|Green Refractor/99|Purple Refractor/75|Gold Refractor/50|Orange Refractor/25|Black Refractor/10|Red Refractor/5|FrozenFractor/5|Superfractor/1|Blue Wave Refractor/150|Green Wave Refractor/99|Purple Wave Refractor/75|Gold Wave Refractor/50|Orange Wave Refractor/25
2025-26,2025-26-topps-chrome,Topps Chrome,23,Noah Clowney,Brooklyn Nets,false,Base|Refractor|Prism Refractor|Negative Refractor|Magenta Refractor/399|Teal Refractor/299|Yellow Refractor/275|Aqua Refractor/199|Blue Refractor/150|Green Refractor/99|Purple Refractor/75|Gold Refractor/50|Orange Refractor/25|Black Refractor/10|Red Refractor/5|FrozenFractor/5|Superfractor/1|Blue Wave Refractor/150|Green Wave Refractor/99|Purple Wave Refractor/75|Gold Wave Refractor/50|Orange Wave Refractor/25
2025-26,2025-26-topps-chrome,Topps Chrome,24,Nikola Vučević,Chicago Bulls,false,Base|Refractor|Prism Refractor|Negative Refractor|Magenta Refractor/399|Teal Refractor/299|Yellow Refractor/275|Aqua Refractor/199|Blue Refractor/150|Green Refractor/99|Purple Refractor/75|Gold Refractor/50|Orange Refractor/25|Black Refractor/10|Red Refractor/5|FrozenFractor/5|Superfractor/1|Blue Wave Refractor/150|Green Wave Refractor/99|Purple Wave Refractor/75|Gold Wave Refractor/50|Orange Wave Refractor/25
2025-26,2025-26-topps-chrome,Topps Chrome,25,Nikola Jokić,Denver Nuggets,false,Base|Image Variation|Refractor|Prism Refractor|Negative Refractor|Magenta Refractor/399|Teal Refractor/299|Yellow Refractor/275|Aqua Refractor/199|Blue Refractor/150|Green Refractor/99|Purple Refractor/75|Gold Refractor/50|Orange Refractor/25|Black Refractor/10|Red Refractor/5|FrozenFractor/5|Superfractor/1|Blue Wave Refractor/150|Green Wave Refractor/99|Purple Wave Refractor/75|Gold Wave Refractor/50|Orange Wave Refractor/25
2025-26,2025-26-topps-chrome,Topps Chrome,26,Nick Smith Jr.,Charlotte Hornets,false,Base|Refractor|Prism Refractor|Negative Refractor|Magenta Refractor/399|Teal Refractor/299|Yellow Refractor/275|Aqua Refractor/199|Blue Refractor/150|Green Refractor/99|Purple Refractor/75|Gold Refractor/50|Orange Refractor/25|Black Refractor/10|Red Refractor/5|FrozenFractor/5|Superfractor/1|Blue Wave Refractor/150|Green Wave Refractor/99|Purple Wave Refractor/75|Gold Wave Refractor/50|Orange Wave Refractor/25
2025-26,2025-26-topps-chrome,Topps Chrome,27,Nic Claxton,Brooklyn Nets,false,Base|Refractor|Prism Refractor|Negative Refractor|Magenta Refractor/399|Teal Refractor/299|Yellow Refractor/275|Aqua Refractor/199|Blue Refractor/150|Green Refractor/99|Purple Refractor/75|Gold Refractor/50|Orange Refractor/25|Black Refractor/10|Red Refractor/5|FrozenFractor/5|Superfractor/1|Blue Wave Refractor/150|Green Wave Refractor/99|Purple Wave Refractor/75|Gold Wave Refractor/50|Orange Wave Refractor/25
2025-26,2025-26-topps-chrome,Topps Chrome,28,Naji Marshall,Dallas Mavericks,false,Base|Refractor|Prism Refractor|Negative Refractor|Magenta Refractor/399|Teal Refractor/299|Yellow Refractor/275|Aqua Refractor/199|Blue Refractor/150|Green Refractor/99|Purple Refractor/75|Gold Refractor/50|Orange Refractor/25|Black Refractor/10|Red Refractor/5|FrozenFractor/5|Superfractor/1|Blue Wave Refractor/150|Green Wave Refractor/99|Purple Wave Refractor/75|Gold Wave Refractor/50|Orange Wave Refractor/25
2025-26,2025-26-topps-chrome,Topps Chrome,29,Myles Turner,Indiana Pacers,false,Base|Refractor|Prism Refractor|Negative Refractor|Magenta Refractor/399|Teal Refractor/299|Yellow Refractor/275|Aqua Refractor/199|Blue Refractor/150|Green Refractor/99|Purple Refractor/75|Gold Refractor/50|Orange Refractor/25|Black Refractor/10|Red Refractor/5|FrozenFractor/5|Superfractor/1|Blue Wave Refractor/150|Green Wave Refractor/99|Purple Wave Refractor/75|Gold Wave Refractor/50|Orange Wave Refractor/25
2025-26,2025-26-topps-chrome,Topps Chrome,30,Miles Bridges,Charlotte Hornets,false,Base|Refractor|Prism Refractor|Negative Refractor|Magenta Refractor/399|Teal Refractor/299|Yellow Refractor/275|Aqua Refractor/199|Blue Refractor/150|Green Refractor/99|Purple Refractor/75|Gold Refractor/50|Orange Refractor/25|Black Refractor/10|Red Refractor/5|FrozenFractor/5|Superfractor/1|Blue Wave Refractor/150|Green Wave Refractor/99|Purple Wave Refractor/75|Gold Wave Refractor/50|Orange Wave Refractor/25
2025-26,2025-26-topps-chrome,Topps Chrome,31,Michael Porter Jr.,Denver Nuggets,false,Base|Refractor|Prism Refractor|Negative Refractor|Magenta Refractor/399|Teal Refractor/299|Yellow Refractor/275|Aqua Refractor/199|Blue Refractor/150|Green Refractor/99|Purple Refractor/75|Gold Refractor/50|Orange Refractor/25|Black Refractor/10|Red Refractor/5|FrozenFractor/5|Superfractor/1|Blue Wave Refractor/150|Green Wave Refractor/99|Purple Wave Refractor/75|Gold Wave Refractor/50|Orange Wave Refractor/25
2025-26,2025-26-topps-chrome,Topps Chrome,32,Max Strus,Cleveland Cavaliers,false,Base|Refractor|Prism Refractor|Negative Refractor|Magenta Refractor/399|Teal Refractor/299|Yellow Refractor/275|Aqua Refractor/199|Blue Refractor/150|Green Refractor/99|Purple Refractor/75|Gold Refractor/50|Orange Refractor/25|Black Refractor/10|Red Refractor/5|FrozenFractor/5|Superfractor/1|Blue Wave Refractor/150|Green Wave Refractor/99|Purple Wave Refractor/75|Gold Wave Refractor/50|Orange Wave Refractor/25
2025-26,2025-26-topps-chrome,Topps Chrome,33,Max Christie,Dallas Mavericks,false,Base|Refractor|Prism Refractor|Negative Refractor|Magenta Refractor/399|Teal Refractor/299|Yellow Refractor/275|Aqua Refractor/199|Blue Refractor/150|Green Refractor/99|Purple Refractor/75|Gold Refractor/50|Orange Refractor/25|Black Refractor/10|Red Refractor/5|FrozenFractor/5|Superfractor/1|Blue Wave Refractor/150|Green Wave Refractor/99|Purple Wave Refractor/75|Gold Wave Refractor/50|Orange Wave Refractor/25
2025-26,2025-26-topps-chrome,Topps Chrome,34,Mark Williams,Charlotte Hornets,false,Base|Refractor|Prism Refractor|Negative Refractor|Magenta Refractor/399|Teal Refractor/299|Yellow Refractor/275|Aqua Refractor/199|Blue Refractor/150|Green Refractor/99|Purple Refractor/75|Gold Refractor/50|Orange Refractor/25|Black Refractor/10|Red Refractor/5|FrozenFractor/5|Superfractor/1|Blue Wave Refractor/150|Green Wave Refractor/99|Purple Wave Refractor/75|Gold Wave Refractor/50|Orange Wave Refractor/25
2025-26,2025-26-topps-chrome,Topps Chrome,35,Marcus Sasser,Detroit Pistons,false,Base|Refractor|Prism Refractor|Negative Refractor|Magenta Refractor/399|Teal Refractor/299|Yellow Refractor/275|Aqua Refractor/199|Blue Refractor/150|Green Refractor/99|Purple Refractor/75|Gold Refractor/50|Orange Refractor/25|Black Refractor/10|Red Refractor/5|FrozenFractor/5|Superfractor/1|Blue Wave Refractor/150|Green Wave Refractor/99|Purple Wave Refractor/75|Gold Wave Refractor/50|Orange Wave Refractor/25
2025-26,2025-26-topps-chrome,Topps Chrome,36,Malik Beasley,Detroit Pistons,false,Base|Refractor|Prism Refractor|Negative Refractor|Magenta Refractor/399|Teal Refractor/299|Yellow Refractor/275|Aqua Refractor/199|Blue Refractor/150|Green Refractor/99|Purple Refractor/75|Gold Refractor/50|Orange Refractor/25|Black Refractor/10|Red Refractor/5|FrozenFractor/5|Superfractor/1|Blue Wave Refractor/150|Green Wave Refractor/99|Purple Wave Refractor/75|Gold Wave Refractor/50|Orange Wave Refractor/25
2025-26,2025-26-topps-chrome,Topps Chrome,37,Luke Kornet,Boston Celtics,false,Base|Refractor|Prism Refractor|Negative Refractor|Magenta Refractor/399|Teal Refractor/299|Yellow Refractor/275|Aqua Refractor/199|Blue Refractor/150|Green Refractor/99|Purple Refractor/75|Gold Refractor/50|Orange Refractor/25|Black Refractor/10|Red Refractor/5|FrozenFractor/5|Superfractor/1|Blue Wave Refractor/150|Green Wave Refractor/99|Purple Wave Refractor/75|Gold Wave Refractor/50|Orange Wave Refractor/25
2025-26,2025-26-topps-chrome,Topps Chrome,38,Lonzo Ball,Chicago Bulls,false,Base|Refractor|Prism Refractor|Negative Refractor|Magenta Refractor/399|Teal Refractor/299|Yellow Refractor/275|Aqua Refractor/199|Blue Refractor/150|Green Refractor/99|Purple Refractor/75|Gold Refractor/50|Orange Refractor/25|Black Refractor/10|Red Refractor/5|FrozenFractor/5|Superfractor/1|Blue Wave Refractor/150|Green Wave Refractor/99|Purple Wave Refractor/75|Gold Wave Refractor/50|Orange Wave Refractor/25
2025-26,2025-26-topps-chrome,Topps Chrome,39,LaMelo Ball,Charlotte Hornets,false,Base|Image Variation|Refractor|Prism Refractor|Negative Refractor|Magenta Refractor/399|Teal Refractor/299|Yellow Refractor/275|Aqua Refractor/199|Blue Refractor/150|Green Refractor/99|Purple Refractor/75|Gold Refractor/50|Orange Refractor/25|Black Refractor/10|Red Refractor/5|FrozenFractor/5|Superfractor/1|Blue Wave Refractor/150|Green Wave Refractor/99|Purple Wave Refractor/75|Gold Wave Refractor/50|Orange Wave Refractor/25
2025-26,2025-26-topps-chrome,Topps Chrome,40,Kyrie Irving,Dallas Mavericks,false,Base|Refractor|Prism Refractor|Negative Refractor|Magenta Refractor/399|Teal Refractor/299|Yellow Refractor/275|Aqua Refractor/199|Blue Refractor/150|Green Refractor/99|Purple Refractor/75|Gold Refractor/50|Orange Refractor/25|Black Refractor/10|Red Refractor/5|FrozenFractor/5|Superfractor/1|Blue Wave Refractor/150|Green Wave Refractor/99|Purple Wave Refractor/75|Gold Wave Refractor/50|Orange Wave Refractor/25
2025-26,2025-26-topps-chrome,Topps Chrome,41,Kristaps Porzingis,Boston Celtics,false,Base|Refractor|Prism Refractor|Negative Refractor|Magenta Refractor/399|Teal Refractor/299|Yellow Refractor/275|Aqua Refractor/199|Blue Refractor/150|Green Refractor/99|Purple Refractor/75|Gold Refractor/50|Orange Refractor/25|Black Refractor/10|Red Refractor/5|FrozenFractor/5|Superfractor/1|Blue Wave Refractor/150|Green Wave Refractor/99|Purple Wave Refractor/75|Gold Wave Refractor/50|Orange Wave Refractor/25
2025-26,2025-26-topps-chrome,Topps Chrome,42,Klay Thompson,Dallas Mavericks,false,Base|Refractor|Prism Refractor|Negative Refractor|Magenta Refractor/399|Teal Refractor/299|Yellow Refractor/275|Aqua Refractor/199|Blue Refractor/150|Green Refractor/99|Purple Refractor/75|Gold Refractor/50|Orange Refractor/25|Black Refractor/10|Red Refractor/5|FrozenFractor/5|Superfractor/1|Blue Wave Refractor/150|Green Wave Refractor/99|Purple Wave Refractor/75|Gold Wave Refractor/50|Orange Wave Refractor/25
2025-26,2025-26-topps-chrome,Topps Chrome,43,Kevin Huerter,Chicago Bulls,false,Base|Refractor|Prism Refractor|Negative Refractor|Magenta Refractor/399|Teal Refractor/299|Yellow Refractor/275|Aqua Refractor/199|Blue Refractor/150|Green Refractor/99|Purple Refractor/75|Gold Refractor/50|Orange Refractor/25|Black Refractor/10|Red Refractor/5|FrozenFractor/5|Superfractor/1|Blue Wave Refractor/150|Green Wave Refractor/99|Purple Wave Refractor/75|Gold Wave Refractor/50|Orange Wave Refractor/25
2025-26,2025-26-topps-chrome,Topps Chrome,44,Kawhi Leonard,Los Angeles Clippers,false,Base|Image Variation|Refractor|Prism Refractor|Negative Refractor|Magenta Refractor/399|Teal Refractor/299|Yellow Refractor/275|Aqua Refractor/199|Blue Refractor/150|Green Refractor/99|Purple Refractor/75|Gold Refractor/50|Orange Refractor/25|Black Refractor/10|Red Refractor/5|FrozenFractor/5|Superfractor/1|Blue Wave Refractor/150|Green Wave Refractor/99|Purple Wave Refractor/75|Gold Wave Refractor/50|Orange Wave Refractor/25
2025-26,2025-26-topps-chrome,Topps Chrome,45,K.J. Simpson Jr.,Charlotte Hornets,false,Base|Refractor|Prism Refractor|Negative Refractor|Magenta Refractor/399|Teal Refractor/299|Yellow Refractor/275|Aqua Refractor/199|Blue Refractor/150|Green Refractor/99|Purple Refractor/75|Gold Refractor/50|Orange Refractor/25|Black Refractor/10|Red Refractor/5|FrozenFractor/5|Superfractor/1|Blue Wave Refractor/150|Green Wave Refractor/99|Purple Wave Refractor/75|Gold Wave Refractor/50|Orange Wave Refractor/25
2025-26,2025-26-topps-chrome,Topps Chrome,46,Jrue Holiday,Boston Celtics,false,Base|Refractor|Prism Refractor|Negative Refractor|Magenta Refractor/399|Teal Refractor/299|Yellow Refractor/275|Aqua Refractor/199|Blue Refractor/150|Green Refractor/99|Purple Refractor/75|Gold Refractor/50|Orange Refractor/25|Black Refractor/10|Red Refractor/5|FrozenFractor/5|Superfractor/1|Blue Wave Refractor/150|Green Wave Refractor/99|Purple Wave Refractor/75|Gold Wave Refractor/50|Orange Wave Refractor/25
2025-26,2025-26-topps-chrome,Topps Chrome,47,Josh Green,Charlotte Hornets,false,Base|Refractor|Prism Refractor|Negative Refractor|Magenta Refractor/399|Teal Refractor/299|Yellow Refractor/275|Aqua Refractor/199|Blue Refractor/150|Green Refractor/99|Purple Refractor/75|Gold Refractor/50|Orange Refractor/25|Black Refractor/10|Red Refractor/5|FrozenFractor/5|Superfractor/1|Blue Wave Refractor/150|Green Wave Refractor/99|Purple Wave Refractor/75|Gold Wave Refractor/50|Orange Wave Refractor/25
2025-26,2025-26-topps-chrome,Topps Chrome,48,Josh Giddey,Chicago Bulls,false,Base|Refractor|Prism Refractor|Negative Refractor|Magenta Refractor/399|Teal Refractor/299|Yellow Refractor/275|Aqua Refractor/199|Blue Refractor/150|Green Refractor/99|Purple Refractor/75|Gold Refractor/50|Orange Refractor/25|Black Refractor/10|Red Refractor/5|FrozenFractor/5|Superfractor/1|Blue Wave Refractor/150|Green Wave Refractor/99|Purple Wave Refractor/75|Gold Wave Refractor/50|Orange Wave Refractor/25
2025-26,2025-26-topps-chrome,Topps Chrome,49,Jayson Tatum,Boston Celtics,false,Base|Image Variation|Refractor|Prism Refractor|Negative Refractor|Magenta Refractor/399|Teal Refractor/299|Yellow Refractor/275|Aqua Refractor/199|Blue Refractor/150|Green Refractor/99|Purple Refractor/75|Gold Refractor/50|Orange Refractor/25|Black Refractor/10|Red Refractor/5|FrozenFractor/5|Superfractor/1|Blue Wave Refractor/150|Green Wave Refractor/99|Purple Wave Refractor/75|Gold Wave Refractor/50|Orange Wave Refractor/25
2025-26,2025-26-topps-chrome,Topps Chrome,50,Jaylon Tyson,Cleveland Cavaliers,false,Base|Refractor|Prism Refractor|Negative Refractor|Magenta Refractor/399|Teal Refractor/299|Yellow Refractor/275|Aqua Refractor/199|Blue Refractor/150|Green Refractor/99|Purple Refractor/75|Gold Refractor/50|Orange Refractor/25|Black Refractor/10|Red Refractor/5|FrozenFractor/5|Superfractor/1|Blue Wave Refractor/150|Green Wave Refractor/99|Purple Wave Refractor/75|Gold Wave Refractor/50|Orange Wave Refractor/25
2025-26,2025-26-topps-chrome,Topps Chrome,51,Jaylen Brown,Boston Celtics,false,Base|Image Variation|Refractor|Prism Refractor|Negative Refractor|Magenta Refractor/399|Teal Refractor/299|Yellow Refractor/275|Aqua Refractor/199|Blue Refractor/150|Green Refractor/99|Purple Refractor/75|Gold Refractor/50|Orange Refractor/25|Black Refractor/10|Red Refractor/5|FrozenFractor/5|Superfractor/1|Blue Wave Refractor/150|Green Wave Refractor/99|Purple Wave Refractor/75|Gold Wave Refractor/50|Orange Wave Refractor/25
2025-26,2025-26-topps-chrome,Topps Chrome,52,Jarrett Allen,Cleveland Cavaliers,false,Base|Refractor|Prism Refractor|Negative Refractor|Magenta Refractor/399|Teal Refractor/299|Yellow Refractor/275|Aqua Refractor/199|Blue Refractor/150|Green Refractor/99|Purple Refractor/75|Gold Refractor/50|Orange Refractor/25|Black Refractor/10|Red Refractor/5|FrozenFractor/5|Superfractor/1|Blue Wave Refractor/150|Green Wave Refractor/99|Purple Wave Refractor/75|Gold Wave Refractor/50|Orange Wave Refractor/25
2025-26,2025-26-topps-chrome,Topps Chrome,53,Jarace Walker,Indiana Pacers,false,Base|Refractor|Prism Refractor|Negative Refractor|Magenta Refractor/399|Teal Refractor/299|Yellow Refractor/275|Aqua Refractor/199|Blue Refractor/150|Green Refractor/99|Purple Refractor/75|Gold Refractor/50|Orange Refractor/25|Black Refractor/10|Red Refractor/5|FrozenFractor/5|Superfractor/1|Blue Wave Refractor/150|Green Wave Refractor/99|Purple Wave Refractor/75|Gold Wave Refractor/50|Orange Wave Refractor/25
2025-26,2025-26-topps-chrome,Topps Chrome,54,James Harden,Los Angeles Clippers,false,Base|Image Variation|Refractor|Prism Refractor|Negative Refractor|Magenta Refractor/399|Teal Refractor/299|Yellow Refractor/275|Aqua Refractor/199|Blue Refractor/150|Green Refractor/99|Purple Refractor/75|Gold Refractor/50|Orange Refractor/25|Black Refractor/10|Red Refractor/5|FrozenFractor/5|Superfractor/1|Blue Wave Refractor/150|Green Wave Refractor/99|Purple Wave Refractor/75|Gold Wave Refractor/50|Orange Wave Refractor/25
2025-26,2025-26-topps-chrome,Topps Chrome,55,Jamal Murray,Denver Nuggets,false,Base|Refractor|Prism Refractor|Negative Refractor|Magenta Refractor/399|Teal Refractor/299|Yellow Refractor/275|Aqua Refractor/199|Blue Refractor/150|Green Refractor/99|Purple Refractor/75|Gold Refractor/50|Orange Refractor/25|Black Refractor/10|Red Refractor/5|FrozenFractor/5|Superfractor/1|Blue Wave Refractor/150|Green Wave Refractor/99|Purple Wave Refractor/75|Gold Wave Refractor/50|Orange Wave Refractor/25
2025-26,2025-26-topps-chrome,Topps Chrome,56,Jalen Johnson,Atlanta Hawks,false,Base|Refractor|Prism Refractor|Negative Refractor|Magenta Refractor/399|Teal Refractor/299|Yellow Refractor/275|Aqua Refractor/199|Blue Refractor/150|Green Refractor/99|Purple Refractor/75|Gold Refractor/50|Orange Refractor/25|Black Refractor/10|Red Refractor/5|FrozenFractor/5|Superfractor/1|Blue Wave Refractor/150|Green Wave Refractor/99|Purple Wave Refractor/75|Gold Wave Refractor/50|Orange Wave Refractor/25
2025-26,2025-26-topps-chrome,Topps Chrome,57,Jalen Duren,Detroit Pistons,false,Base|Refractor|Prism Refractor|Negative Refractor|Magenta Refractor/399|Teal Refractor/299|Yellow Refractor/275|Aqua Refractor/199|Blue Refractor/150|Green Refractor/99|Purple Refractor/75|Gold Refractor/50|Orange Refractor/25|Black Refractor/10|Red Refractor/5|FrozenFractor/5|Superfractor/1|Blue Wave Refractor/150|Green Wave Refractor/99|Purple Wave Refractor/75|Gold Wave Refractor/50|Orange Wave Refractor/25
2025-26,2025-26-topps-chrome,Topps Chrome,58,Jalen Green,Houston Rockets,false,Base|Image Variation|Refractor|Prism Refractor|Negative Refractor|Magenta Refractor/399|Teal Refractor/299|Yellow Refractor/275|Aqua Refractor/199|Blue Refractor/150|Green Refractor/99|Purple Refractor/75|Gold Refractor/50|Orange Refractor/25|Black Refractor/10|Red Refractor/5|FrozenFractor/5|Superfractor/1|Blue Wave Refractor/150|Green Wave Refractor/99|Purple Wave Refractor/75|Gold Wave Refractor/50|Orange Wave Refractor/25
2025-26,2025-26-topps-chrome,Topps Chrome,59,Jae'Sean Tate,Houston Rockets,false,Base|Refractor|Prism Refractor|Negative Refractor|Magenta Refractor/399|Teal Refractor/299|Yellow Refractor/275|Aqua Refractor/199|Blue Refractor/150|Green Refractor/99|Purple Refractor/75|Gold Refractor/50|Orange Refractor/25|Black Refractor/10|Red Refractor/5|FrozenFractor/5|Superfractor/1|Blue Wave Refractor/150|Green Wave Refractor/99|Purple Wave Refractor/75|Gold Wave Refractor/50|Orange Wave Refractor/25
2025-26,2025-26-topps-chrome,Topps Chrome,60,Jaden Hardy,Dallas Mavericks,false,Base|Refractor|Prism Refractor|Negative Refractor|Magenta Refractor/399|Teal Refractor/299|Yellow Refractor/275|Aqua Refractor/199|Blue Refractor/150|Green Refractor/99|Purple Refractor/75|Gold Refractor/50|Orange Refractor/25|Black Refractor/10|Red Refractor/5|FrozenFractor/5|Superfractor/1|Blue Wave Refractor/150|Green Wave Refractor/99|Purple Wave Refractor/75|Gold Wave Refractor/50|Orange Wave Refractor/25
2025-26,2025-26-topps-chrome,Topps Chrome,61,Jaden Ivey,Detroit Pistons,false,Base|Refractor|Prism Refractor|Negative Refractor|Magenta Refractor/399|Teal Refractor/299|Yellow Refractor/275|Aqua Refractor/199|Blue Refractor/150|Green Refractor/99|Purple Refractor/75|Gold Refractor/50|Orange Refractor/25|Black Refractor/10|Red Refractor/5|FrozenFractor/5|Superfractor/1|Blue Wave Refractor/150|Green Wave Refractor/99|Purple Wave Refractor/75|Gold Wave Refractor/50|Orange Wave Refractor/25
2025-26,2025-26-topps-chrome,Topps Chrome,62,Jabari Smith Jr.,Houston Rockets,false,Base|Refractor|Prism Refractor|Negative Refractor|Magenta Refractor/399|Teal Refractor/299|Yellow Refractor/275|Aqua Refractor/199|Blue Refractor/150|Green Refractor/99|Purple Refractor/75|Gold Refractor/50|Orange Refractor/25|Black Refractor/10|Red Refractor/5|FrozenFractor/5|Superfractor/1|Blue Wave Refractor/150|Green Wave Refractor/99|Purple Wave Refractor/75|Gold Wave Refractor/50|Orange Wave Refractor/25
2025-26,2025-26-topps-chrome,Topps Chrome,63,Ivica Zubac,Los Angeles Clippers,false,Base|Refractor|Prism Refractor|Negative Refractor|Magenta Refractor/399|Teal Refractor/299|Yellow Refractor/275|Aqua Refractor/199|Blue Refractor/150|Green Refractor/99|Purple Refractor/75|Gold Refractor/50|Orange Refractor/25|Black Refractor/10|Red Refractor/5|FrozenFractor/5|Superfractor/1|Blue Wave Refractor/150|Green Wave Refractor/99|Purple Wave Refractor/75|Gold Wave Refractor/50|Orange Wave Refractor/25
2025-26,2025-26-topps-chrome,Topps Chrome,64,Ausar Thompson,Detroit Pistons,false,Base|Refractor|Prism Refractor|Negative Refractor|Magenta Refractor/399|Teal Refractor/299|Yellow Refractor/275|Aqua Refractor/199|Blue Refractor/150|Green Refractor/99|Purple Refractor/75|Gold Refractor/50|Orange Refractor/25|Black Refractor/10|Red Refractor/5|FrozenFractor/5|Superfractor/1|Blue Wave Refractor/150|Green Wave Refractor/99|Purple Wave Refractor/75|Gold Wave Refractor/50|Orange Wave Refractor/25
2025-26,2025-26-topps-chrome,Topps Chrome,65,Grant Williams,Charlotte Hornets,false,Base|Refractor|Prism Refractor|Negative Refractor|Magenta Refractor/399|Teal Refractor/299|Yellow Refractor/275|Aqua Refractor/199|Blue Refractor/150|Green Refractor/99|Purple Refractor/75|Gold Refractor/50|Orange Refractor/25|Black Refractor/10|Red Refractor/5|FrozenFractor/5|Superfractor/1|Blue Wave Refractor/150|Green Wave Refractor/99|Purple Wave Refractor/75|Gold Wave Refractor/50|Orange Wave Refractor/25
2025-26,2025-26-topps-chrome,Topps Chrome,66,Fred VanVleet,Houston Rockets,false,Base|Refractor|Prism Refractor|Negative Refractor|Magenta Refractor/399|Teal Refractor/299|Yellow Refractor/275|Aqua Refractor/199|Blue Refractor/150|Green Refractor/99|Purple Refractor/75|Gold Refractor/50|Orange Refractor/25|Black Refractor/10|Red Refractor/5|FrozenFractor/5|Superfractor/1|Blue Wave Refractor/150|Green Wave Refractor/99|Purple Wave Refractor/75|Gold Wave Refractor/50|Orange Wave Refractor/25
2025-26,2025-26-topps-chrome,Topps Chrome,67,Evan Mobley,Cleveland Cavaliers,false,Base|Refractor|Prism Refractor|Negative Refractor|Magenta Refractor/399|Teal Refractor/299|Yellow Refractor/275|Aqua Refractor/199|Blue Refractor/150|Green Refractor/99|Purple Refractor/75|Gold Refractor/50|Orange Refractor/25|Black Refractor/10|Red Refractor/5|FrozenFractor/5|Superfractor/1|Blue Wave Refractor/150|Green Wave Refractor/99|Purple Wave Refractor/75|Gold Wave Refractor/50|Orange Wave Refractor/25
2025-26,2025-26-topps-chrome,Topps Chrome,68,Dyson Daniels,Atlanta Hawks,false,Base|Refractor|Prism Refractor|Negative Refractor|Magenta Refractor/399|Teal Refractor/299|Yellow Refractor/275|Aqua Refractor/199|Blue Refractor/150|Green Refractor/99|Purple Refractor/75|Gold Refractor/50|Orange Refractor/25|Black Refractor/10|Red Refractor/5|FrozenFractor/5|Superfractor/1|Blue Wave Refractor/150|Green Wave Refractor/99|Purple Wave Refractor/75|Gold Wave Refractor/50|Orange Wave Refractor/25
2025-26,2025-26-topps-chrome,Topps Chrome,69,Donovan Mitchell,Cleveland Cavaliers,false,Base|Image Variation|Refractor|Prism Refractor|Negative Refractor|Magenta Refractor/399|Teal Refractor/299|Yellow Refractor/275|Aqua Refractor/199|Blue Refractor/150|Green Refractor/99|Purple Refractor/75|Gold Refractor/50|Orange Refractor/25|Black Refractor/10|Red Refractor/5|FrozenFractor/5|Superfractor/1|Blue Wave Refractor/150|Green Wave Refractor/99|Purple Wave Refractor/75|Gold Wave Refractor/50|Orange Wave Refractor/25
2025-26,2025-26-topps-chrome,Topps Chrome,70,Dillon Brooks,Houston Rockets,false,Base|Refractor|Prism Refractor|Negative Refractor|Magenta Refractor/399|Teal Refractor/299|Yellow Refractor/275|Aqua Refractor/199|Blue Refractor/150|Green Refractor/99|Purple Refractor/75|Gold Refractor/50|Orange Refractor/25|Black Refractor/10|Red Refractor/5|FrozenFractor/5|Superfractor/1|Blue Wave Refractor/150|Green Wave Refractor/99|Purple Wave Refractor/75|Gold Wave Refractor/50|Orange Wave Refractor/25
2025-26,2025-26-topps-chrome,Topps Chrome,71,Derrick White,Boston Celtics,false,Base|Refractor|Prism Refractor|Negative Refractor|Magenta Refractor/399|Teal Refractor/299|Yellow Refractor/275|Aqua Refractor/199|Blue Refractor/150|Green Refractor/99|Purple Refractor/75|Gold Refractor/50|Orange Refractor/25|Black Refractor/10|Red Refractor/5|FrozenFractor/5|Superfractor/1|Blue Wave Refractor/150|Green Wave Refractor/99|Purple Wave Refractor/75|Gold Wave Refractor/50|Orange Wave Refractor/25
2025-26,2025-26-topps-chrome,Topps Chrome,72,Dereck Lively II,Dallas Mavericks,false,Base|Refractor|Prism Refractor|Negative Refractor|Magenta Refractor/399|Teal Refractor/299|Yellow Refractor/275|Aqua Refractor/199|Blue Refractor/150|Green Refractor/99|Purple Refractor/75|Gold Refractor/50|Orange Refractor/25|Black Refractor/10|Red Refractor/5|FrozenFractor/5|Superfractor/1|Blue Wave Refractor/150|Green Wave Refractor/99|Purple Wave Refractor/75|Gold Wave Refractor/50|Orange Wave Refractor/25
2025-26,2025-26-topps-chrome,Topps Chrome,73,De'Andre Hunter,Cleveland Cavaliers,false,Base|Refractor|Prism Refractor|Negative Refractor|Magenta Refractor/399|Teal Refractor/299|Yellow Refractor/275|Aqua Refractor/199|Blue Refractor/150|Green Refractor/99|Purple Refractor/75|Gold Refractor/50|Orange Refractor/25|Black Refractor/10|Red Refractor/5|FrozenFractor/5|Superfractor/1|Blue Wave Refractor/150|Green Wave Refractor/99|Purple Wave Refractor/75|Gold Wave Refractor/50|Orange Wave Refractor/25
2025-26,2025-26-topps-chrome,Topps Chrome,74,Day'Ron Sharpe,Brooklyn Nets,false,Base|Refractor|Prism Refractor|Negative Refractor|Magenta Refractor/399|Teal Refractor/299|Yellow Refractor/275|Aqua Refractor/199|Blue Refractor/150|Green Refractor/99|Purple Refractor/75|Gold Refractor/50|Orange Refractor/25|Black Refractor/10|Red Refractor/5|FrozenFractor/5|Superfractor/1|Blue Wave Refractor/150|Green Wave Refractor/99|Purple Wave Refractor/75|Gold Wave Refractor/50|Orange Wave Refractor/25
2025-26,2025-26-topps-chrome,Topps Chrome,75,DaRon Holmes II,Denver Nuggets,false,Base|Refractor|Prism Refractor|Negative Refractor|Magenta Refractor/399|Teal Refractor/299|Yellow Refractor/275|Aqua Refractor/199|Blue Refractor/150|Green Refractor/99|Purple Refractor/75|Gold Refractor/50|Orange Refractor/25|Black Refractor/10|Red Refractor/5|FrozenFractor/5|Superfractor/1|Blue Wave Refractor/150|Green Wave Refractor/99|Purple Wave Refractor/75|Gold Wave Refractor/50|Orange Wave Refractor/25
2025-26,2025-26-topps-chrome,Topps Chrome,76,Darius Garland,Cleveland Cavaliers,false,Base|Refractor|Prism Refractor|Negative Refractor|Magenta Refractor/399|Teal Refractor/299|Yellow Refractor/275|Aqua Refractor/199|Blue Refractor/150|Green Refractor/99|Purple Refractor/75|Gold Refractor/50|Orange Refractor/25|Black Refractor/10|Red Refractor/5|FrozenFractor/5|Superfractor/1|Blue Wave Refractor/150|Green Wave Refractor/99|Purple Wave Refractor/75|Gold Wave Refractor/50|Orange Wave Refractor/25
2025-26,2025-26-topps-chrome,Topps Chrome,77,Dario Šarić,Denver Nuggets,false,Base|Refractor|Prism Refractor|Negative Refractor|Magenta Refractor/399|Teal Refractor/299|Yellow Refractor/275|Aqua Refractor/199|Blue Refractor/150|Green Refractor/99|Purple Refractor/75|Gold Refractor/50|Orange Refractor/25|Black Refractor/10|Red Refractor/5|FrozenFractor/5|Superfractor/1|Blue Wave Refractor/150|Green Wave Refractor/99|Purple Wave Refractor/75|Gold Wave Refractor/50|Orange Wave Refractor/25
2025-26,2025-26-topps-chrome,Topps Chrome,78,Daniel Gafford,Dallas Mavericks,false,Base|Refractor|Prism Refractor|Negative Refractor|Magenta Refractor/399|Teal Refractor/299|Yellow Refractor/275|Aqua Refractor/199|Blue Refractor/150|Green Refractor/99|Purple Refractor/75|Gold Refractor/50|Orange Refractor/25|Black Refractor/10|Red Refractor/5|FrozenFractor/5|Superfractor/1|Blue Wave Refractor/150|Green Wave Refractor/99|Purple Wave Refractor/75|Gold Wave Refractor/50|Orange Wave Refractor/25
2025-26,2025-26-topps-chrome,Topps Chrome,79,D'Angelo Russell,Brooklyn Nets,false,Base|Refractor|Prism Refractor|Negative Refractor|Magenta Refractor/399|Teal Refractor/299|Yellow Refractor/275|Aqua Refractor/199|Blue Refractor/150|Green Refractor/99|Purple Refractor/75|Gold Refractor/50|Orange Refractor/25|Black Refractor/10|Red Refractor/5|FrozenFractor/5|Superfractor/1|Blue Wave Refractor/150|Green Wave Refractor/99|Purple Wave Refractor/75|Gold Wave Refractor/50|Orange Wave Refractor/25
2025-26,2025-26-topps-chrome,Topps Chrome,80,Coby White,Chicago Bulls,false,Base|Refractor|Prism Refractor|Negative Refractor|Magenta Refractor/399|Teal Refractor/299|Yellow Refractor/275|Aqua Refractor/199|Blue Refractor/150|Green Refractor/99|Purple Refractor/75|Gold Refractor/50|Orange Refractor/25|Black Refractor/10|Red Refractor/5|FrozenFractor/5|Superfractor/1|Blue Wave Refractor/150|Green Wave Refractor/99|Purple Wave Refractor/75|Gold Wave Refractor/50|Orange Wave Refractor/25
2025-26,2025-26-topps-chrome,Topps Chrome,81,Clint Capela,Atlanta Hawks,false,Base|Refractor|Prism Refractor|Negative Refractor|Magenta Refractor/399|Teal Refractor/299|Yellow Refractor/275|Aqua Refractor/199|Blue Refractor/150|Green Refractor/99|Purple Refractor/75|Gold Refractor/50|Orange Refractor/25|Black Refractor/10|Red Refractor/5|FrozenFractor/5|Superfractor/1|Blue Wave Refractor/150|Green Wave Refractor/99|Purple Wave Refractor/75|Gold Wave Refractor/50|Orange Wave Refractor/25
2025-26,2025-26-topps-chrome,Topps Chrome,82,Christian Braun,Denver Nuggets,false,Base|Refractor|Prism Refractor|Negative Refractor|Magenta Refractor/399|Teal Refractor/299|Yellow Refractor/275|Aqua Refractor/199|Blue Refractor/150|Green Refractor/99|Purple Refractor/75|Gold Refractor/50|Orange Refractor/25|Black Refractor/10|Red Refractor/5|FrozenFractor/5|Superfractor/1|Blue Wave Refractor/150|Green Wave Refractor/99|Purple Wave Refractor/75|Gold Wave Refractor/50|Orange Wave Refractor/25
2025-26,2025-26-topps-chrome,Topps Chrome,83,Chris Duarte,Chicago Bulls,false,Base|Refractor|Prism Refractor|Negative Refractor|Magenta Refractor/399|Teal Refractor/299|Yellow Refractor/275|Aqua Refractor/199|Blue Refractor/150|Green Refractor/99|Purple Refractor/75|Gold Refractor/50|Orange Refractor/25|Black Refractor/10|Red Refractor/5|FrozenFractor/5|Superfractor/1|Blue Wave Refractor/150|Green Wave Refractor/99|Purple Wave Refractor/75|Gold Wave Refractor/50|Orange Wave Refractor/25
2025-26,2025-26-topps-chrome,Topps Chrome,84,Cameron Johnson,Brooklyn Nets,false,Base|Refractor|Prism Refractor|Negative Refractor|Magenta Refractor/399|Teal Refractor/299|Yellow Refractor/275|Aqua Refractor/199|Blue Refractor/150|Green Refractor/99|Purple Refractor/75|Gold Refractor/50|Orange Refractor/25|Black Refractor/10|Red Refractor/5|FrozenFractor/5|Superfractor/1|Blue Wave Refractor/150|Green Wave Refractor/99|Purple Wave Refractor/75|Gold Wave Refractor/50|Orange Wave Refractor/25
2025-26,2025-26-topps-chrome,Topps Chrome,85,Cam Thomas,Brooklyn Nets,false,Base|Refractor|Prism Refractor|Negative Refractor|Magenta Refractor/399|Teal Refractor/299|Yellow Refractor/275|Aqua Refractor/199|Blue Refractor/150|Green Refractor/99|Purple Refractor/75|Gold Refractor/50|Orange Refractor/25|Black Refractor/10|Red Refractor/5|FrozenFractor/5|Superfractor/1|Blue Wave Refractor/150|Green Wave Refractor/99|Purple Wave Refractor/75|Gold Wave Refractor/50|Orange Wave Refractor/25
2025-26,2025-26-topps-chrome,Topps Chrome,86,Cam Whitmore,Houston Rockets,false,Base|Refractor|Prism Refractor|Negative Refractor|Magenta Refractor/399|Teal Refractor/299|Yellow Refractor/275|Aqua Refractor/199|Blue Refractor/150|Green Refractor/99|Purple Refractor/75|Gold Refractor/50|Orange Refractor/25|Black Refractor/10|Red Refractor/5|FrozenFractor/5|Superfractor/1|Blue Wave Refractor/150|Green Wave Refractor/99|Purple Wave Refractor/75|Gold Wave Refractor/50|Orange Wave Refractor/25
2025-26,2025-26-topps-chrome,Topps Chrome,87,Caleb Martin,Dallas Mavericks,false,Base|Refractor|Prism Refractor|Negative Refractor|Magenta Refractor/399|Teal Refractor/299|Yellow Refractor/275|Aqua Refractor/199|Blue Refractor/150|Green Refractor/99|Purple Refractor/75|Gold Refractor/50|Orange Refractor/25|Black Refractor/10|Red Refractor/5|FrozenFractor/5|Superfractor/1|Blue Wave Refractor/150|Green Wave Refractor/99|Purple Wave Refractor/75|Gold Wave Refractor/50|Orange Wave Refractor/25
2025-26,2025-26-topps-chrome,Topps Chrome,88,Cade Cunningham,Detroit Pistons,false,Base|Image Variation|Refractor|Prism Refractor|Negative Refractor|Magenta Refractor/399|Teal Refractor/299|Yellow Refractor/275|Aqua Refractor/199|Blue Refractor/150|Green Refractor/99|Purple Refractor/75|Gold Refractor/50|Orange Refractor/25|Black Refractor/10|Red Refractor/5|FrozenFractor/5|Superfractor/1|Blue Wave Refractor/150|Green Wave Refractor/99|Purple Wave Refractor/75|Gold Wave Refractor/50|Orange Wave Refractor/25
2025-26,2025-26-topps-chrome,Topps Chrome,89,Brandon Miller,Charlotte Hornets,false,Base|Refractor|Prism Refractor|Negative Refractor|Magenta Refractor/399|Teal Refractor/299|Yellow Refractor/275|Aqua Refractor/199|Blue Refractor/150|Green Refractor/99|Purple Refractor/75|Gold Refractor/50|Orange Refractor/25|Black Refractor/10|Red Refractor/5|FrozenFractor/5|Superfractor/1|Blue Wave Refractor/150|Green Wave Refractor/99|Purple Wave Refractor/75|Gold Wave Refractor/50|Orange Wave Refractor/25
2025-26,2025-26-topps-chrome,Topps Chrome,90,Bones Hyland,Minnesota Timberwolves,false,Base|Refractor|Prism Refractor|Negative Refractor|Magenta Refractor/399|Teal Refractor/299|Yellow Refractor/275|Aqua Refractor/199|Blue Refractor/150|Green Refractor/99|Purple Refractor/75|Gold Refractor/50|Orange Refractor/25|Black Refractor/10|Red Refractor/5|FrozenFractor/5|Superfractor/1|Blue Wave Refractor/150|Green Wave Refractor/99|Purple Wave Refractor/75|Gold Wave Refractor/50|Orange Wave Refractor/25
2025-26,2025-26-topps-chrome,Topps Chrome,91,Dariq Whitehead,Brooklyn Nets,false,Base|Refractor|Prism Refractor|Negative Refractor|Magenta Refractor/399|Teal Refractor/299|Yellow Refractor/275|Aqua Refractor/199|Blue Refractor/150|Green Refractor/99|Purple Refractor/75|Gold Refractor/50|Orange Refractor/25|Black Refractor/10|Red Refractor/5|FrozenFractor/5|Superfractor/1|Blue Wave Refractor/150|Green Wave Refractor/99|Purple Wave Refractor/75|Gold Wave Refractor/50|Orange Wave Refractor/25
2025-26,2025-26-topps-chrome,Topps Chrome,92,Bogdan Bogdanović,Los Angeles Clippers,false,Base|Refractor|Prism Refractor|Negative Refractor|Magenta Refractor/399|Teal Refractor/299|Yellow Refractor/275|Aqua Refractor/199|Blue Refractor/150|Green Refractor/99|Purple Refractor/75|Gold Refractor/50|Orange Refractor/25|Black Refractor/10|Red Refractor/5|FrozenFractor/5|Superfractor/1|Blue Wave Refractor/150|Green Wave Refractor/99|Purple Wave Refractor/75|Gold Wave Refractor/50|Orange Wave Refractor/25
2025-26,2025-26-topps-chrome,Topps Chrome,93,Bennedict Mathurin,Indiana Pacers,false,Base|Refractor|Prism Refractor|Negative Refractor|Magenta Refractor/399|Teal Refractor/299|Yellow Refractor/275|Aqua Refractor/199|Blue Refractor/150|Green Refractor/99|Purple Refractor/75|Gold Refractor/50|Orange Refractor/25|Black Refractor/10|Red Refractor/5|FrozenFractor/5|Superfractor/1|Blue Wave Refractor/150|Green Wave Refractor/99|Purple Wave Refractor/75|Gold Wave Refractor/50|Orange Wave Refractor/25
2025-26,2025-26-topps-chrome,Topps Chrome,94,Ben Sheppard,Indiana Pacers,false,Base|Refractor|Prism Refractor|Negative Refractor|Magenta Refractor/399|Teal Refractor/299|Yellow Refractor/275|Aqua Refractor/199|Blue Refractor/150|Green Refractor/99|Purple Refractor/75|Gold Refractor/50|Orange Refractor/25|Black Refractor/10|Red Refractor/5|FrozenFractor/5|Superfractor/1|Blue Wave Refractor/150|Green Wave Refractor/99|Purple Wave Refractor/75|Gold Wave Refractor/50|Orange Wave Refractor/25
2025-26,2025-26-topps-chrome,Topps Chrome,95,Ayo Dosunmu,Chicago Bulls,false,Base|Refractor|Prism Refractor|Negative Refractor|Magenta Refractor/399|Teal Refractor/299|Yellow Refractor/275|Aqua Refractor/199|Blue Refractor/150|Green Refractor/99|Purple Refractor/75|Gold Refractor/50|Orange Refractor/25|Black Refractor/10|Red Refractor/5|FrozenFractor/5|Superfractor/1|Blue Wave Refractor/150|Green Wave Refractor/99|Purple Wave Refractor/75|Gold Wave Refractor/50|Orange Wave Refractor/25
2025-26,2025-26-topps-chrome,Topps Chrome,96,Anthony Davis,Dallas Mavericks,false,Base|Image Variation|Refractor|Prism Refractor|Negative Refractor|Magenta Refractor/399|Teal Refractor/299|Yellow Refractor/275|Aqua Refractor/199|Blue Refractor/150|Green Refractor/99|Purple Refractor/75|Gold Refractor/50|Orange Refractor/25|Black Refractor/10|Red Refractor/5|FrozenFractor/5|Superfractor/1|Blue Wave Refractor/150|Green Wave Refractor/99|Purple Wave Refractor/75|Gold Wave Refractor/50|Orange Wave Refractor/25
2025-26,2025-26-topps-chrome,Topps Chrome,97,Andrew Nembhard,Indiana Pacers,false,Base|Refractor|Prism Refractor|Negative Refractor|Magenta Refractor/399|Teal Refractor/299|Yellow Refractor/275|Aqua Refractor/199|Blue Refractor/150|Green Refractor/99|Purple Refractor/75|Gold Refractor/50|Orange Refractor/25|Black Refractor/10|Red Refractor/5|FrozenFractor/5|Superfractor/1|Blue Wave Refractor/150|Green Wave Refractor/99|Purple Wave Refractor/75|Gold Wave Refractor/50|Orange Wave Refractor/25
2025-26,2025-26-topps-chrome,Topps Chrome,98,Alperen Sengun,Houston Rockets,false,Base|Refractor|Prism Refractor|Negative Refractor|Magenta Refractor/399|Teal Refractor/299|Yellow Refractor/275|Aqua Refractor/199|Blue Refractor/150|Green Refractor/99|Purple Refractor/75|Gold Refractor/50|Orange Refractor/25|Black Refractor/10|Red Refractor/5|FrozenFractor/5|Superfractor/1|Blue Wave Refractor/150|Green Wave Refractor/99|Purple Wave Refractor/75|Gold Wave Refractor/50|Orange Wave Refractor/25
2025-26,2025-26-topps-chrome,Topps Chrome,99,Al Horford,Boston Celtics,false,Base|Refractor|Prism Refractor|Negative Refractor|Magenta Refractor/399|Teal Refractor/299|Yellow Refractor/275|Aqua Refractor/199|Blue Refractor/150|Green Refractor/99|Purple Refractor/75|Gold Refractor/50|Orange Refractor/25|Black Refractor/10|Red Refractor/5|FrozenFractor/5|Superfractor/1|Blue Wave Refractor/150|Green Wave Refractor/99|Purple Wave Refractor/75|Gold Wave Refractor/50|Orange Wave Refractor/25
2025-26,2025-26-topps-chrome,Topps Chrome,100,Aaron Gordon,Denver Nuggets,false,Base|Refractor|Prism Refractor|Negative Refractor|Magenta Refractor/399|Teal Refractor/299|Yellow Refractor/275|Aqua Refractor/199|Blue Refractor/150|Green Refractor/99|Purple Refractor/75|Gold Refractor/50|Orange Refractor/25|Black Refractor/10|Red Refractor/5|FrozenFractor/5|Superfractor/1|Blue Wave Refractor/150|Green Wave Refractor/99|Purple Wave Refractor/75|Gold Wave Refractor/50|Orange Wave Refractor/25
2025-26,2025-26-topps-chrome,Topps Chrome,101,Jalen Brunson,New York Knicks,false,Base|Image Variation|Refractor|Prism Refractor|Negative Refractor|Magenta Refractor/399|Teal Refractor/299|Yellow Refractor/275|Aqua Refractor/199|Blue Refractor/150|Green Refractor/99|Purple Refractor/75|Gold Refractor/50|Orange Refractor/25|Black Refractor/10|Red Refractor/5|FrozenFractor/5|Superfractor/1|Blue Wave Refractor/150|Green Wave Refractor/99|Purple Wave Refractor/75|Gold Wave Refractor/50|Orange Wave Refractor/25
2025-26,2025-26-topps-chrome,Topps Chrome,102,Yves Missi,New Orleans Pelicans,false,Base|Refractor|Prism Refractor|Negative Refractor|Magenta Refractor/399|Teal Refractor/299|Yellow Refractor/275|Aqua Refractor/199|Blue Refractor/150|Green Refractor/99|Purple Refractor/75|Gold Refractor/50|Orange Refractor/25|Black Refractor/10|Red Refractor/5|FrozenFractor/5|Superfractor/1|Blue Wave Refractor/150|Green Wave Refractor/99|Purple Wave Refractor/75|Gold Wave Refractor/50|Orange Wave Refractor/25
2025-26,2025-26-topps-chrome,Topps Chrome,103,Anthony Black,Orlando Magic,false,Base|Refractor|Prism Refractor|Negative Refractor|Magenta Refractor/399|Teal Refractor/299|Yellow Refractor/275|Aqua Refractor/199|Blue Refractor/150|Green Refractor/99|Purple Refractor/75|Gold Refractor/50|Orange Refractor/25|Black Refractor/10|Red Refractor/5|FrozenFractor/5|Superfractor/1|Blue Wave Refractor/150|Green Wave Refractor/99|Purple Wave Refractor/75|Gold Wave Refractor/50|Orange Wave Refractor/25
2025-26,2025-26-topps-chrome,Topps Chrome,104,Trey Murphy III,New Orleans Pelicans,false,Base|Refractor|Prism Refractor|Negative Refractor|Magenta Refractor/399|Teal Refractor/299|Yellow Refractor/275|Aqua Refractor/199|Blue Refractor/150|Green Refractor/99|Purple Refractor/75|Gold Refractor/50|Orange Refractor/25|Black Refractor/10|Red Refractor/5|FrozenFractor/5|Superfractor/1|Blue Wave Refractor/150|Green Wave Refractor/99|Purple Wave Refractor/75|Gold Wave Refractor/50|Orange Wave Refractor/25
2025-26,2025-26-topps-chrome,Topps Chrome,105,Jaylin Williams,Oklahoma City Thunder,false,Base|Refractor|Prism Refractor|Negative Refractor|Magenta Refractor/399|Teal Refractor/299|Yellow Refractor/275|Aqua Refractor/199|Blue Refractor/150|Green Refractor/99|Purple Refractor/75|Gold Refractor/50|Orange Refractor/25|Black Refractor/10|Red Refractor/5|FrozenFractor/5|Superfractor/1|Blue Wave Refractor/150|Green Wave Refractor/99|Purple Wave Refractor/75|Gold Wave Refractor/50|Orange Wave Refractor/25
2025-26,2025-26-topps-chrome,Topps Chrome,106,Mason Plumlee,Phoenix Suns,false,Base|Refractor|Prism Refractor|Negative Refractor|Magenta Refractor/399|Teal Refractor/299|Yellow Refractor/275|Aqua Refractor/199|Blue Refractor/150|Green Refractor/99|Purple Refractor/75|Gold Refractor/50|Orange Refractor/25|Black Refractor/10|Red Refractor/5|FrozenFractor/5|Superfractor/1|Blue Wave Refractor/150|Green Wave Refractor/99|Purple Wave Refractor/75|Gold Wave Refractor/50|Orange Wave Refractor/25
2025-26,2025-26-topps-chrome,Topps Chrome,107,Grayson Allen,Phoenix Suns,false,Base|Refractor|Prism Refractor|Negative Refractor|Magenta Refractor/399|Teal Refractor/299|Yellow Refractor/275|Aqua Refractor/199|Blue Refractor/150|Green Refractor/99|Purple Refractor/75|Gold Refractor/50|Orange Refractor/25|Black Refractor/10|Red Refractor/5|FrozenFractor/5|Superfractor/1|Blue Wave Refractor/150|Green Wave Refractor/99|Purple Wave Refractor/75|Gold Wave Refractor/50|Orange Wave Refractor/25
2025-26,2025-26-topps-chrome,Topps Chrome,108,Antonio Reeves,New Orleans Pelicans,false,Base|Refractor|Prism Refractor|Negative Refractor|Magenta Refractor/399|Teal Refractor/299|Yellow Refractor/275|Aqua Refractor/199|Blue Refractor/150|Green Refractor/99|Purple Refractor/75|Gold Refractor/50|Orange Refractor/25|Black Refractor/10|Red Refractor/5|FrozenFractor/5|Superfractor/1|Blue Wave Refractor/150|Green Wave Refractor/99|Purple Wave Refractor/75|Gold Wave Refractor/50|Orange Wave Refractor/25
2025-26,2025-26-topps-chrome,Topps Chrome,109,Oso Ighodaro,Phoenix Suns,false,Base|Refractor|Prism Refractor|Negative Refractor|Magenta Refractor/399|Teal Refractor/299|Yellow Refractor/275|Aqua Refractor/199|Blue Refractor/150|Green Refractor/99|Purple Refractor/75|Gold Refractor/50|Orange Refractor/25|Black Refractor/10|Red Refractor/5|FrozenFractor/5|Superfractor/1|Blue Wave Refractor/150|Green Wave Refractor/99|Purple Wave Refractor/75|Gold Wave Refractor/50|Orange Wave Refractor/25
2025-26,2025-26-topps-chrome,Topps Chrome,110,Gary Trent Jr.,Milwaukee Bucks,false,Base|Refractor|Prism Refractor|Negative Refractor|Magenta Refractor/399|Teal Refractor/299|Yellow Refractor/275|Aqua Refractor/199|Blue Refractor/150|Green Refractor/99|Purple Refractor/75|Gold Refractor/50|Orange Refractor/25|Black Refractor/10|Red Refractor/5|FrozenFractor/5|Superfractor/1|Blue Wave Refractor/150|Green Wave Refractor/99|Purple Wave Refractor/75|Gold Wave Refractor/50|Orange Wave Refractor/25
2025-26,2025-26-topps-chrome,Topps Chrome,111,Pacôme Dadiet,New York Knicks,false,Base|Refractor|Prism Refractor|Negative Refractor|Magenta Refractor/399|Teal Refractor/299|Yellow Refractor/275|Aqua Refractor/199|Blue Refractor/150|Green Refractor/99|Purple Refractor/75|Gold Refractor/50|Orange Refractor/25|Black Refractor/10|Red Refractor/5|FrozenFractor/5|Superfractor/1|Blue Wave Refractor/150|Green Wave Refractor/99|Purple Wave Refractor/75|Gold Wave Refractor/50|Orange Wave Refractor/25
2025-26,2025-26-topps-chrome,Topps Chrome,112,Terry Rozier III,Miami Heat,false,Base|Refractor|Prism Refractor|Negative Refractor|Magenta Refractor/399|Teal Refractor/299|Yellow Refractor/275|Aqua Refractor/199|Blue Refractor/150|Green Refractor/99|Purple Refractor/75|Gold Refractor/50|Orange Refractor/25|Black Refractor/10|Red Refractor/5|FrozenFractor/5|Superfractor/1|Blue Wave Refractor/150|Green Wave Refractor/99|Purple Wave Refractor/75|Gold Wave Refractor/50|Orange Wave Refractor/25
2025-26,2025-26-topps-chrome,Topps Chrome,113,Wendell Carter Jr.,Orlando Magic,false,Base|Refractor|Prism Refractor|Negative Refractor|Magenta Refractor/399|Teal Refractor/299|Yellow Refractor/275|Aqua Refractor/199|Blue Refractor/150|Green Refractor/99|Purple Refractor/75|Gold Refractor/50|Orange Refractor/25|Black Refractor/10|Red Refractor/5|FrozenFractor/5|Superfractor/1|Blue Wave Refractor/150|Green Wave Refractor/99|Purple Wave Refractor/75|Gold Wave Refractor/50|Orange Wave Refractor/25
2025-26,2025-26-topps-chrome,Topps Chrome,114,Kelly Oubre Jr.,Philadelphia 76ers,false,Base|Refractor|Prism Refractor|Negative Refractor|Magenta Refractor/399|Teal Refractor/299|Yellow Refractor/275|Aqua Refractor/199|Blue Refractor/150|Green Refractor/99|Purple Refractor/75|Gold Refractor/50|Orange Refractor/25|Black Refractor/10|Red Refractor/5|FrozenFractor/5|Superfractor/1|Blue Wave Refractor/150|Green Wave Refractor/99|Purple Wave Refractor/75|Gold Wave Refractor/50|Orange Wave Refractor/25
2025-26,2025-26-topps-chrome,Topps Chrome,115,Jalen Suggs,Orlando Magic,false,Base|Refractor|Prism Refractor|Negative Refractor|Magenta Refractor/399|Teal Refractor/299|Yellow Refractor/275|Aqua Refractor/199|Blue Refractor/150|Green Refractor/99|Purple Refractor/75|Gold Refractor/50|Orange Refractor/25|Black Refractor/10|Red Refractor/5|FrozenFractor/5|Superfractor/1|Blue Wave Refractor/150|Green Wave Refractor/99|Purple Wave Refractor/75|Gold Wave Refractor/50|Orange Wave Refractor/25
2025-26,2025-26-topps-chrome,Topps Chrome,116,Franz Wagner,Orlando Magic,false,Base|Refractor|Prism Refractor|Negative Refractor|Magenta Refractor/399|Teal Refractor/299|Yellow Refractor/275|Aqua Refractor/199|Blue Refractor/150|Green Refractor/99|Purple Refractor/75|Gold Refractor/50|Orange Refractor/25|Black Refractor/10|Red Refractor/5|FrozenFractor/5|Superfractor/1|Blue Wave Refractor/150|Green Wave Refractor/99|Purple Wave Refractor/75|Gold Wave Refractor/50|Orange Wave Refractor/25
2025-26,2025-26-topps-chrome,Topps Chrome,117,Luke Kennard,Memphis Grizzlies,false,Base|Refractor|Prism Refractor|Negative Refractor|Magenta Refractor/399|Teal Refractor/299|Yellow Refractor/275|Aqua Refractor/199|Blue Refractor/150|Green Refractor/99|Purple Refractor/75|Gold Refractor/50|Orange Refractor/25|Black Refractor/10|Red Refractor/5|FrozenFractor/5|Superfractor/1|Blue Wave Refractor/150|Green Wave Refractor/99|Purple Wave Refractor/75|Gold Wave Refractor/50|Orange Wave Refractor/25
2025-26,2025-26-topps-chrome,Topps Chrome,118,Kyle Kuzma,Milwaukee Bucks,false,Base|Refractor|Prism Refractor|Negative Refractor|Magenta Refractor/399|Teal Refractor/299|Yellow Refractor/275|Aqua Refractor/199|Blue Refractor/150|Green Refractor/99|Purple Refractor/75|Gold Refractor/50|Orange Refractor/25|Black Refractor/10|Red Refractor/5|FrozenFractor/5|Superfractor/1|Blue Wave Refractor/150|Green Wave Refractor/99|Purple Wave Refractor/75|Gold Wave Refractor/50|Orange Wave Refractor/25
2025-26,2025-26-topps-chrome,Topps Chrome,119,Gabe Vincent,Los Angeles Lakers,false,Base|Refractor|Prism Refractor|Negative Refractor|Magenta Refractor/399|Teal Refractor/299|Yellow Refractor/275|Aqua Refractor/199|Blue Refractor/150|Green Refractor/99|Purple Refractor/75|Gold Refractor/50|Orange Refractor/25|Black Refractor/10|Red Refractor/5|FrozenFractor/5|Superfractor/1|Blue Wave Refractor/150|Green Wave Refractor/99|Purple Wave Refractor/75|Gold Wave Refractor/50|Orange Wave Refractor/25
2025-26,2025-26-topps-chrome,Topps Chrome,120,Herbert Jones,New Orleans Pelicans,false,Base|Refractor|Prism Refractor|Negative Refractor|Magenta Refractor/399|Teal Refractor/299|Yellow Refractor/275|Aqua Refractor/199|Blue Refractor/150|Green Refractor/99|Purple Refractor/75|Gold Refractor/50|Orange Refractor/25|Black Refractor/10|Red Refractor/5|FrozenFractor/5|Superfractor/1|Blue Wave Refractor/150|Green Wave Refractor/99|Purple Wave Refractor/75|Gold Wave Refractor/50|Orange Wave Refractor/25
2025-26,2025-26-topps-chrome,Topps Chrome,121,Isaiah Joe,Oklahoma City Thunder,false,Base|Refractor|Prism Refractor|Negative Refractor|Magenta Refractor/399|Teal Refractor/299|Yellow Refractor/275|Aqua Refractor/199|Blue Refractor/150|Green Refractor/99|Purple Refractor/75|Gold Refractor/50|Orange Refractor/25|Black Refractor/10|Red Refractor/5|FrozenFractor/5|Superfractor/1|Blue Wave Refractor/150|Green Wave Refractor/99|Purple Wave Refractor/75|Gold Wave Refractor/50|Orange Wave Refractor/25
2025-26,2025-26-topps-chrome,Topps Chrome,122,Anfernee Simons,Portland Trail blazers,false,Base|Refractor|Prism Refractor|Negative Refractor|Magenta Refractor/399|Teal Refractor/299|Yellow Refractor/275|Aqua Refractor/199|Blue Refractor/150|Green Refractor/99|Purple Refractor/75|Gold Refractor/50|Orange Refractor/25|Black Refractor/10|Red Refractor/5|FrozenFractor/5|Superfractor/1|Blue Wave Refractor/150|Green Wave Refractor/99|Purple Wave Refractor/75|Gold Wave Refractor/50|Orange Wave Refractor/25
2025-26,2025-26-topps-chrome,Topps Chrome,123,Julius Randle,Minnesota Timberwolves,false,Base|Refractor|Prism Refractor|Negative Refractor|Magenta Refractor/399|Teal Refractor/299|Yellow Refractor/275|Aqua Refractor/199|Blue Refractor/150|Green Refractor/99|Purple Refractor/75|Gold Refractor/50|Orange Refractor/25|Black Refractor/10|Red Refractor/5|FrozenFractor/5|Superfractor/1|Blue Wave Refractor/150|Green Wave Refractor/99|Purple Wave Refractor/75|Gold Wave Refractor/50|Orange Wave Refractor/25
2025-26,2025-26-topps-chrome,Topps Chrome,124,Bobby Portis,Milwaukee Bucks,false,Base|Refractor|Prism Refractor|Negative Refractor|Magenta Refractor/399|Teal Refractor/299|Yellow Refractor/275|Aqua Refractor/199|Blue Refractor/150|Green Refractor/99|Purple Refractor/75|Gold Refractor/50|Orange Refractor/25|Black Refractor/10|Red Refractor/5|FrozenFractor/5|Superfractor/1|Blue Wave Refractor/150|Green Wave Refractor/99|Purple Wave Refractor/75|Gold Wave Refractor/50|Orange Wave Refractor/25
2025-26,2025-26-topps-chrome,Topps Chrome,125,Jaxson Hayes,Los Angeles Lakers,false,Base|Refractor|Prism Refractor|Negative Refractor|Magenta Refractor/399|Teal Refractor/299|Yellow Refractor/275|Aqua Refractor/199|Blue Refractor/150|Green Refractor/99|Purple Refractor/75|Gold Refractor/50|Orange Refractor/25|Black Refractor/10|Red Refractor/5|FrozenFractor/5|Superfractor/1|Blue Wave Refractor/150|Green Wave Refractor/99|Purple Wave Refractor/75|Gold Wave Refractor/50|Orange Wave Refractor/25
2025-26,2025-26-topps-chrome,Topps Chrome,126,Austin Reaves,Los Angeles Lakers,false,Base|Refractor|Prism Refractor|Negative Refractor|Magenta Refractor/399|Teal Refractor/299|Yellow Refractor/275|Aqua Refractor/199|Blue Refractor/150|Green Refractor/99|Purple Refractor/75|Gold Refractor/50|Orange Refractor/25|Black Refractor/10|Red Refractor/5|FrozenFractor/5|Superfractor/1|Blue Wave Refractor/150|Green Wave Refractor/99|Purple Wave Refractor/75|Gold Wave Refractor/50|Orange Wave Refractor/25
2025-26,2025-26-topps-chrome,Topps Chrome,127,LeBron James,Los Angeles Lakers,false,Base|Image Variation|Refractor|Prism Refractor|Negative Refractor|Magenta Refractor/399|Teal Refractor/299|Yellow Refractor/275|Aqua Refractor/199|Blue Refractor/150|Green Refractor/99|Purple Refractor/75|Gold Refractor/50|Orange Refractor/25|Black Refractor/10|Red Refractor/5|FrozenFractor/5|Superfractor/1|Blue Wave Refractor/150|Green Wave Refractor/99|Purple Wave Refractor/75|Gold Wave Refractor/50|Orange Wave Refractor/25
2025-26,2025-26-topps-chrome,Topps Chrome,128,Zach Edey,Memphis Grizzlies,false,Base|Refractor|Prism Refractor|Negative Refractor|Magenta Refractor/399|Teal Refractor/299|Yellow Refractor/275|Aqua Refractor/199|Blue Refractor/150|Green Refractor/99|Purple Refractor/75|Gold Refractor/50|Orange Refractor/25|Black Refractor/10|Red Refractor/5|FrozenFractor/5|Superfractor/1|Blue Wave Refractor/150|Green Wave Refractor/99|Purple Wave Refractor/75|Gold Wave Refractor/50|Orange Wave Refractor/25
2025-26,2025-26-topps-chrome,Topps Chrome,129,Kel'El Ware,Miami Heat,false,Base|Refractor|Prism Refractor|Negative Refractor|Magenta Refractor/399|Teal Refractor/299|Yellow Refractor/275|Aqua Refractor/199|Blue Refractor/150|Green Refractor/99|Purple Refractor/75|Gold Refractor/50|Orange Refractor/25|Black Refractor/10|Red Refractor/5|FrozenFractor/5|Superfractor/1|Blue Wave Refractor/150|Green Wave Refractor/99|Purple Wave Refractor/75|Gold Wave Refractor/50|Orange Wave Refractor/25
2025-26,2025-26-topps-chrome,Topps Chrome,130,Dalton Knecht,Los Angeles Lakers,false,Base|Refractor|Prism Refractor|Negative Refractor|Magenta Refractor/399|Teal Refractor/299|Yellow Refractor/275|Aqua Refractor/199|Blue Refractor/150|Green Refractor/99|Purple Refractor/75|Gold Refractor/50|Orange Refractor/25|Black Refractor/10|Red Refractor/5|FrozenFractor/5|Superfractor/1|Blue Wave Refractor/150|Green Wave Refractor/99|Purple Wave Refractor/75|Gold Wave Refractor/50|Orange Wave Refractor/25
2025-26,2025-26-topps-chrome,Topps Chrome,131,OG Anunoby,New York Knicks,false,Base|Refractor|Prism Refractor|Negative Refractor|Magenta Refractor/399|Teal Refractor/299|Yellow Refractor/275|Aqua Refractor/199|Blue Refractor/150|Green Refractor/99|Purple Refractor/75|Gold Refractor/50|Orange Refractor/25|Black Refractor/10|Red Refractor/5|FrozenFractor/5|Superfractor/1|Blue Wave Refractor/150|Green Wave Refractor/99|Purple Wave Refractor/75|Gold Wave Refractor/50|Orange Wave Refractor/25
2025-26,2025-26-topps-chrome,Topps Chrome,132,Mike Conley,Minnesota Timberwolves,false,Base|Refractor|Prism Refractor|Negative Refractor|Magenta Refractor/399|Teal Refractor/299|Yellow Refractor/275|Aqua Refractor/199|Blue Refractor/150|Green Refractor/99|Purple Refractor/75|Gold Refractor/50|Orange Refractor/25|Black Refractor/10|Red Refractor/5|FrozenFractor/5|Superfractor/1|Blue Wave Refractor/150|Green Wave Refractor/99|Purple Wave Refractor/75|Gold Wave Refractor/50|Orange Wave Refractor/25
2025-26,2025-26-topps-chrome,Topps Chrome,133,Brandon Clarke,Memphis Grizzlies,false,Base|Refractor|Prism Refractor|Negative Refractor|Magenta Refractor/399|Teal Refractor/299|Yellow Refractor/275|Aqua Refractor/199|Blue Refractor/150|Green Refractor/99|Purple Refractor/75|Gold Refractor/50|Orange Refractor/25|Black Refractor/10|Red Refractor/5|FrozenFractor/5|Superfractor/1|Blue Wave Refractor/150|Green Wave Refractor/99|Purple Wave Refractor/75|Gold Wave Refractor/50|Orange Wave Refractor/25
2025-26,2025-26-topps-chrome,Topps Chrome,134,Chet Holmgren,Oklahoma City Thunder,false,Base|Refractor|Prism Refractor|Negative Refractor|Magenta Refractor/399|Teal Refractor/299|Yellow Refractor/275|Aqua Refractor/199|Blue Refractor/150|Green Refractor/99|Purple Refractor/75|Gold Refractor/50|Orange Refractor/25|Black Refractor/10|Red Refractor/5|FrozenFractor/5|Superfractor/1|Blue Wave Refractor/150|Green Wave Refractor/99|Purple Wave Refractor/75|Gold Wave Refractor/50|Orange Wave Refractor/25
2025-26,2025-26-topps-chrome,Topps Chrome,135,Thaddeus Young,Phoenix Suns,false,Base|Refractor|Prism Refractor|Negative Refractor|Magenta Refractor/399|Teal Refractor/299|Yellow Refractor/275|Aqua Refractor/199|Blue Refractor/150|Green Refractor/99|Purple Refractor/75|Gold Refractor/50|Orange Refractor/25|Black Refractor/10|Red Refractor/5|FrozenFractor/5|Superfractor/1|Blue Wave Refractor/150|Green Wave Refractor/99|Purple Wave Refractor/75|Gold Wave Refractor/50|Orange Wave Refractor/25
2025-26,2025-26-topps-chrome,Topps Chrome,136,CJ McCollum,New Orleans Pelicans,false,Base|Refractor|Prism Refractor|Negative Refractor|Magenta Refractor/399|Teal Refractor/299|Yellow Refractor/275|Aqua Refractor/199|Blue Refractor/150|Green Refractor/99|Purple Refractor/75|Gold Refractor/50|Orange Refractor/25|Black Refractor/10|Red Refractor/5|FrozenFractor/5|Superfractor/1|Blue Wave Refractor/150|Green Wave Refractor/99|Purple Wave Refractor/75|Gold Wave Refractor/50|Orange Wave Refractor/25
2025-26,2025-26-topps-chrome,Topps Chrome,137,Giannis Antetokounmpo,Milwaukee Bucks,false,Base|Image Variation|Refractor|Prism Refractor|Negative Refractor|Magenta Refractor/399|Teal Refractor/299|Yellow Refractor/275|Aqua Refractor/199|Blue Refractor/150|Green Refractor/99|Purple Refractor/75|Gold Refractor/50|Orange Refractor/25|Black Refractor/10|Red Refractor/5|FrozenFractor/5|Superfractor/1|Blue Wave Refractor/150|Green Wave Refractor/99|Purple Wave Refractor/75|Gold Wave Refractor/50|Orange Wave Refractor/25
2025-26,2025-26-topps-chrome,Topps Chrome,138,Bam Adebayo,Miami Heat,false,Base|Refractor|Prism Refractor|Negative Refractor|Magenta Refractor/399|Teal Refractor/299|Yellow Refractor/275|Aqua Refractor/199|Blue Refractor/150|Green Refractor/99|Purple Refractor/75|Gold Refractor/50|Orange Refractor/25|Black Refractor/10|Red Refractor/5|FrozenFractor/5|Superfractor/1|Blue Wave Refractor/150|Green Wave Refractor/99|Purple Wave Refractor/75|Gold Wave Refractor/50|Orange Wave Refractor/25
2025-26,2025-26-topps-chrome,Topps Chrome,139,Tyler Kolek,New York Knicks,false,Base|Refractor|Prism Refractor|Negative Refractor|Magenta Refractor/399|Teal Refractor/299|Yellow Refractor/275|Aqua Refractor/199|Blue Refractor/150|Green Refractor/99|Purple Refractor/75|Gold Refractor/50|Orange Refractor/25|Black Refractor/10|Red Refractor/5|FrozenFractor/5|Superfractor/1|Blue Wave Refractor/150|Green Wave Refractor/99|Purple Wave Refractor/75|Gold Wave Refractor/50|Orange Wave Refractor/25
2025-26,2025-26-topps-chrome,Topps Chrome,140,Paolo Banchero,Orlando Magic,false,Base|Image Variation|Refractor|Prism Refractor|Negative Refractor|Magenta Refractor/399|Teal Refractor/299|Yellow Refractor/275|Aqua Refractor/199|Blue Refractor/150|Green Refractor/99|Purple Refractor/75|Gold Refractor/50|Orange Refractor/25|Black Refractor/10|Red Refractor/5|FrozenFractor/5|Superfractor/1|Blue Wave Refractor/150|Green Wave Refractor/99|Purple Wave Refractor/75|Gold Wave Refractor/50|Orange Wave Refractor/25
2025-26,2025-26-topps-chrome,Topps Chrome,141,Shai Gilgeous-Alexander,Oklahoma City Thunder,false,Base|Image Variation|Refractor|Prism Refractor|Negative Refractor|Magenta Refractor/399|Teal Refractor/299|Yellow Refractor/275|Aqua Refractor/199|Blue Refractor/150|Green Refractor/99|Purple Refractor/75|Gold Refractor/50|Orange Refractor/25|Black Refractor/10|Red Refractor/5|FrozenFractor/5|Superfractor/1|Blue Wave Refractor/150|Green Wave Refractor/99|Purple Wave Refractor/75|Gold Wave Refractor/50|Orange Wave Refractor/25
2025-26,2025-26-topps-chrome,Topps Chrome,142,Joe Ingles,Minnesota Timberwolves,false,Base|Refractor|Prism Refractor|Negative Refractor|Magenta Refractor/399|Teal Refractor/299|Yellow Refractor/275|Aqua Refractor/199|Blue Refractor/150|Green Refractor/99|Purple Refractor/75|Gold Refractor/50|Orange Refractor/25|Black Refractor/10|Red Refractor/5|FrozenFractor/5|Superfractor/1|Blue Wave Refractor/150|Green Wave Refractor/99|Purple Wave Refractor/75|Gold Wave Refractor/50|Orange Wave Refractor/25
2025-26,2025-26-topps-chrome,Topps Chrome,143,Kentavious Caldwell-Pope,Orlando Magic,false,Base|Refractor|Prism Refractor|Negative Refractor|Magenta Refractor/399|Teal Refractor/299|Yellow Refractor/275|Aqua Refractor/199|Blue Refractor/150|Green Refractor/99|Purple Refractor/75|Gold Refractor/50|Orange Refractor/25|Black Refractor/10|Red Refractor/5|FrozenFractor/5|Superfractor/1|Blue Wave Refractor/150|Green Wave Refractor/99|Purple Wave Refractor/75|Gold Wave Refractor/50|Orange Wave Refractor/25
2025-26,2025-26-topps-chrome,Topps Chrome,144,Jose Alvarado,New Orleans Pelicans,false,Base|Refractor|Prism Refractor|Negative Refractor|Magenta Refractor/399|Teal Refractor/299|Yellow Refractor/275|Aqua Refractor/199|Blue Refractor/150|Green Refractor/99|Purple Refractor/75|Gold Refractor/50|Orange Refractor/25|Black Refractor/10|Red Refractor/5|FrozenFractor/5|Superfractor/1|Blue Wave Refractor/150|Green Wave Refractor/99|Purple Wave Refractor/75|Gold Wave Refractor/50|Orange Wave Refractor/25
2025-26,2025-26-topps-chrome,Topps Chrome,145,Donte DiVincenzo,Minnesota Timberwolves,false,Base|Refractor|Prism Refractor|Negative Refractor|Magenta Refractor/399|Teal Refractor/299|Yellow Refractor/275|Aqua Refractor/199|Blue Refractor/150|Green Refractor/99|Purple Refractor/75|Gold Refractor/50|Orange Refractor/25|Black Refractor/10|Red Refractor/5|FrozenFractor/5|Superfractor/1|Blue Wave Refractor/150|Green Wave Refractor/99|Purple Wave Refractor/75|Gold Wave Refractor/50|Orange Wave Refractor/25
2025-26,2025-26-topps-chrome,Topps Chrome,146,Tyus Jones,Phoenix Suns,false,Base|Refractor|Prism Refractor|Negative Refractor|Magenta Refractor/399|Teal Refractor/299|Yellow Refractor/275|Aqua Refractor/199|Blue Refractor/150|Green Refractor/99|Purple Refractor/75|Gold Refractor/50|Orange Refractor/25|Black Refractor/10|Red Refractor/5|FrozenFractor/5|Superfractor/1|Blue Wave Refractor/150|Green Wave Refractor/99|Purple Wave Refractor/75|Gold Wave Refractor/50|Orange Wave Refractor/25
2025-26,2025-26-topps-chrome,Topps Chrome,147,Taurean Prince,Milwaukee Bucks,false,Base|Refractor|Prism Refractor|Negative Refractor|Magenta Refractor/399|Teal Refractor/299|Yellow Refractor/275|Aqua Refractor/199|Blue Refractor/150|Green Refractor/99|Purple Refractor/75|Gold Refractor/50|Orange Refractor/25|Black Refractor/10|Red Refractor/5|FrozenFractor/5|Superfractor/1|Blue Wave Refractor/150|Green Wave Refractor/99|Purple Wave Refractor/75|Gold Wave Refractor/50|Orange Wave Refractor/25
2025-26,2025-26-topps-chrome,Topps Chrome,148,Rui Hachimura,Los Angeles Lakers,false,Base|Refractor|Prism Refractor|Negative Refractor|Magenta Refractor/399|Teal Refractor/299|Yellow Refractor/275|Aqua Refractor/199|Blue Refractor/150|Green Refractor/99|Purple Refractor/75|Gold Refractor/50|Orange Refractor/25|Black Refractor/10|Red Refractor/5|FrozenFractor/5|Superfractor/1|Blue Wave Refractor/150|Green Wave Refractor/99|Purple Wave Refractor/75|Gold Wave Refractor/50|Orange Wave Refractor/25
2025-26,2025-26-topps-chrome,Topps Chrome,149,Joel Embiid,Philadelphia 76ers,false,Base|Refractor|Prism Refractor|Negative Refractor|Magenta Refractor/399|Teal Refractor/299|Yellow Refractor/275|Aqua Refractor/199|Blue Refractor/150|Green Refractor/99|Purple Refractor/75|Gold Refractor/50|Orange Refractor/25|Black Refractor/10|Red Refractor/5|FrozenFractor/5|Superfractor/1|Blue Wave Refractor/150|Green Wave Refractor/99|Purple Wave Refractor/75|Gold Wave Refractor/50|Orange Wave Refractor/25
2025-26,2025-26-topps-chrome,Topps Chrome,150,Shaedon Sharpe,Portland Trail blazers,false,Base|Refractor|Prism Refractor|Negative Refractor|Magenta Refractor/399|Teal Refractor/299|Yellow Refractor/275|Aqua Refractor/199|Blue Refractor/150|Green Refractor/99|Purple Refractor/75|Gold Refractor/50|Orange Refractor/25|Black Refractor/10|Red Refractor/5|FrozenFractor/5|Superfractor/1|Blue Wave Refractor/150|Green Wave Refractor/99|Purple Wave Refractor/75|Gold Wave Refractor/50|Orange Wave Refractor/25
2025-26,2025-26-topps-chrome,Topps Chrome,151,Anthony Edwards,Minnesota Timberwolves,false,Base|Image Variation|Refractor|Prism Refractor|Negative Refractor|Magenta Refractor/399|Teal Refractor/299|Yellow Refractor/275|Aqua Refractor/199|Blue Refractor/150|Green Refractor/99|Purple Refractor/75|Gold Refractor/50|Orange Refractor/25|Black Refractor/10|Red Refractor/5|FrozenFractor/5|Superfractor/1|Blue Wave Refractor/150|Green Wave Refractor/99|Purple Wave Refractor/75|Gold Wave Refractor/50|Orange Wave Refractor/25
2025-26,2025-26-topps-chrome,Topps Chrome,152,Kyle Lowry,Philadelphia 76ers,false,Base|Refractor|Prism Refractor|Negative Refractor|Magenta Refractor/399|Teal Refractor/299|Yellow Refractor/275|Aqua Refractor/199|Blue Refractor/150|Green Refractor/99|Purple Refractor/75|Gold Refractor/50|Orange Refractor/25|Black Refractor/10|Red Refractor/5|FrozenFractor/5|Superfractor/1|Blue Wave Refractor/150|Green Wave Refractor/99|Purple Wave Refractor/75|Gold Wave Refractor/50|Orange Wave Refractor/25
2025-26,2025-26-topps-chrome,Topps Chrome,153,Damian Lillard,Milwaukee Bucks,false,Base|Refractor|Prism Refractor|Negative Refractor|Magenta Refractor/399|Teal Refractor/299|Yellow Refractor/275|Aqua Refractor/199|Blue Refractor/150|Green Refractor/99|Purple Refractor/75|Gold Refractor/50|Orange Refractor/25|Black Refractor/10|Red Refractor/5|FrozenFractor/5|Superfractor/1|Blue Wave Refractor/150|Green Wave Refractor/99|Purple Wave Refractor/75|Gold Wave Refractor/50|Orange Wave Refractor/25
2025-26,2025-26-topps-chrome,Topps Chrome,154,Jarred Vanderbilt,Los Angeles Lakers,false,Base|Refractor|Prism Refractor|Negative Refractor|Magenta Refractor/399|Teal Refractor/299|Yellow Refractor/275|Aqua Refractor/199|Blue Refractor/150|Green Refractor/99|Purple Refractor/75|Gold Refractor/50|Orange Refractor/25|Black Refractor/10|Red Refractor/5|FrozenFractor/5|Superfractor/1|Blue Wave Refractor/150|Green Wave Refractor/99|Purple Wave Refractor/75|Gold Wave Refractor/50|Orange Wave Refractor/25
2025-26,2025-26-topps-chrome,Topps Chrome,155,Kevin Durant,Houston Rockets,false,Base|Image Variation|Refractor|Prism Refractor|Negative Refractor|Magenta Refractor/399|Teal Refractor/299|Yellow Refractor/275|Aqua Refractor/199|Blue Refractor/150|Green Refractor/99|Purple Refractor/75|Gold Refractor/50|Orange Refractor/25|Black Refractor/10|Red Refractor/5|FrozenFractor/5|Superfractor/1|Blue Wave Refractor/150|Green Wave Refractor/99|Purple Wave Refractor/75|Gold Wave Refractor/50|Orange Wave Refractor/25
2025-26,2025-26-topps-chrome,Topps Chrome,156,Naz Reid,Minnesota Timberwolves,false,Base|Refractor|Prism Refractor|Negative Refractor|Magenta Refractor/399|Teal Refractor/299|Yellow Refractor/275|Aqua Refractor/199|Blue Refractor/150|Green Refractor/99|Purple Refractor/75|Gold Refractor/50|Orange Refractor/25|Black Refractor/10|Red Refractor/5|FrozenFractor/5|Superfractor/1|Blue Wave Refractor/150|Green Wave Refractor/99|Purple Wave Refractor/75|Gold Wave Refractor/50|Orange Wave Refractor/25
2025-26,2025-26-topps-chrome,Topps Chrome,157,Maxi Kleber,Los Angeles Lakers,false,Base|Refractor|Prism Refractor|Negative Refractor|Magenta Refractor/399|Teal Refractor/299|Yellow Refractor/275|Aqua Refractor/199|Blue Refractor/150|Green Refractor/99|Purple Refractor/75|Gold Refractor/50|Orange Refractor/25|Black Refractor/10|Red Refractor/5|FrozenFractor/5|Superfractor/1|Blue Wave Refractor/150|Green Wave Refractor/99|Purple Wave Refractor/75|Gold Wave Refractor/50|Orange Wave Refractor/25
2025-26,2025-26-topps-chrome,Topps Chrome,158,Ja Morant,Memphis Grizzlies,false,Base|Refractor|Prism Refractor|Negative Refractor|Magenta Refractor/399|Teal Refractor/299|Yellow Refractor/275|Aqua Refractor/199|Blue Refractor/150|Green Refractor/99|Purple Refractor/75|Gold Refractor/50|Orange Refractor/25|Black Refractor/10|Red Refractor/5|FrozenFractor/5|Superfractor/1|Blue Wave Refractor/150|Green Wave Refractor/99|Purple Wave Refractor/75|Gold Wave Refractor/50|Orange Wave Refractor/25
2025-26,2025-26-topps-chrome,Topps Chrome,159,Brook Lopez,Milwaukee Bucks,false,Base|Refractor|Prism Refractor|Negative Refractor|Magenta Refractor/399|Teal Refractor/299|Yellow Refractor/275|Aqua Refractor/199|Blue Refractor/150|Green Refractor/99|Purple Refractor/75|Gold Refractor/50|Orange Refractor/25|Black Refractor/10|Red Refractor/5|FrozenFractor/5|Superfractor/1|Blue Wave Refractor/150|Green Wave Refractor/99|Purple Wave Refractor/75|Gold Wave Refractor/50|Orange Wave Refractor/25
2025-26,2025-26-topps-chrome,Topps Chrome,160,Josh Hart,New York Knicks,false,Base|Refractor|Prism Refractor|Negative Refractor|Magenta Refractor/399|Teal Refractor/299|Yellow Refractor/275|Aqua Refractor/199|Blue Refractor/150|Green Refractor/99|Purple Refractor/75|Gold Refractor/50|Orange Refractor/25|Black Refractor/10|Red Refractor/5|FrozenFractor/5|Superfractor/1|Blue Wave Refractor/150|Green Wave Refractor/99|Purple Wave Refractor/75|Gold Wave Refractor/50|Orange Wave Refractor/25
2025-26,2025-26-topps-chrome,Topps Chrome,161,Jaime Jaquez Jr.,Miami Heat,false,Base|Refractor|Prism Refractor|Negative Refractor|Magenta Refractor/399|Teal Refractor/299|Yellow Refractor/275|Aqua Refractor/199|Blue Refractor/150|Green Refractor/99|Purple Refractor/75|Gold Refractor/50|Orange Refractor/25|Black Refractor/10|Red Refractor/5|FrozenFractor/5|Superfractor/1|Blue Wave Refractor/150|Green Wave Refractor/99|Purple Wave Refractor/75|Gold Wave Refractor/50|Orange Wave Refractor/25
2025-26,2025-26-topps-chrome,Topps Chrome,162,Rob Dillingham,Minnesota Timberwolves,false,Base|Refractor|Prism Refractor|Negative Refractor|Magenta Refractor/399|Teal Refractor/299|Yellow Refractor/275|Aqua Refractor/199|Blue Refractor/150|Green Refractor/99|Purple Refractor/75|Gold Refractor/50|Orange Refractor/25|Black Refractor/10|Red Refractor/5|FrozenFractor/5|Superfractor/1|Blue Wave Refractor/150|Green Wave Refractor/99|Purple Wave Refractor/75|Gold Wave Refractor/50|Orange Wave Refractor/25
2025-26,2025-26-topps-chrome,Topps Chrome,163,Jaren Jackson Jr.,Memphis Grizzlies,false,Base|Refractor|Prism Refractor|Negative Refractor|Magenta Refractor/399|Teal Refractor/299|Yellow Refractor/275|Aqua Refractor/199|Blue Refractor/150|Green Refractor/99|Purple Refractor/75|Gold Refractor/50|Orange Refractor/25|Black Refractor/10|Red Refractor/5|FrozenFractor/5|Superfractor/1|Blue Wave Refractor/150|Green Wave Refractor/99|Purple Wave Refractor/75|Gold Wave Refractor/50|Orange Wave Refractor/25
2025-26,2025-26-topps-chrome,Topps Chrome,164,Bol Bol,Phoenix Suns,false,Base|Refractor|Prism Refractor|Negative Refractor|Magenta Refractor/399|Teal Refractor/299|Yellow Refractor/275|Aqua Refractor/199|Blue Refractor/150|Green Refractor/99|Purple Refractor/75|Gold Refractor/50|Orange Refractor/25|Black Refractor/10|Red Refractor/5|FrozenFractor/5|Superfractor/1|Blue Wave Refractor/150|Green Wave Refractor/99|Purple Wave Refractor/75|Gold Wave Refractor/50|Orange Wave Refractor/25
2025-26,2025-26-topps-chrome,Topps Chrome,165,Rudy Gobert,Minnesota Timberwolves,false,Base|Refractor|Prism Refractor|Negative Refractor|Magenta Refractor/399|Teal Refractor/299|Yellow Refractor/275|Aqua Refractor/199|Blue Refractor/150|Green Refractor/99|Purple Refractor/75|Gold Refractor/50|Orange Refractor/25|Black Refractor/10|Red Refractor/5|FrozenFractor/5|Superfractor/1|Blue Wave Refractor/150|Green Wave Refractor/99|Purple Wave Refractor/75|Gold Wave Refractor/50|Orange Wave Refractor/25
2025-26,2025-26-topps-chrome,Topps Chrome,166,Scoot Henderson,Portland Trail blazers,false,Base|Refractor|Prism Refractor|Negative Refractor|Magenta Refractor/399|Teal Refractor/299|Yellow Refractor/275|Aqua Refractor/199|Blue Refractor/150|Green Refractor/99|Purple Refractor/75|Gold Refractor/50|Orange Refractor/25|Black Refractor/10|Red Refractor/5|FrozenFractor/5|Superfractor/1|Blue Wave Refractor/150|Green Wave Refractor/99|Purple Wave Refractor/75|Gold Wave Refractor/50|Orange Wave Refractor/25
2025-26,2025-26-topps-chrome,Topps Chrome,167,Jonathan Isaac,Orlando Magic,false,Base|Refractor|Prism Refractor|Negative Refractor|Magenta Refractor/399|Teal Refractor/299|Yellow Refractor/275|Aqua Refractor/199|Blue Refractor/150|Green Refractor/99|Purple Refractor/75|Gold Refractor/50|Orange Refractor/25|Black Refractor/10|Red Refractor/5|FrozenFractor/5|Superfractor/1|Blue Wave Refractor/150|Green Wave Refractor/99|Purple Wave Refractor/75|Gold Wave Refractor/50|Orange Wave Refractor/25
2025-26,2025-26-topps-chrome,Topps Chrome,168,Deandre Ayton,Portland Trail blazers,false,Base|Refractor|Prism Refractor|Negative Refractor|Magenta Refractor/399|Teal Refractor/299|Yellow Refractor/275|Aqua Refractor/199|Blue Refractor/150|Green Refractor/99|Purple Refractor/75|Gold Refractor/50|Orange Refractor/25|Black Refractor/10|Red Refractor/5|FrozenFractor/5|Superfractor/1|Blue Wave Refractor/150|Green Wave Refractor/99|Purple Wave Refractor/75|Gold Wave Refractor/50|Orange Wave Refractor/25
2025-26,2025-26-topps-chrome,Topps Chrome,169,Matisse Thybulle,Portland Trail blazers,false,Base|Refractor|Prism Refractor|Negative Refractor|Magenta Refractor/399|Teal Refractor/299|Yellow Refractor/275|Aqua Refractor/199|Blue Refractor/150|Green Refractor/99|Purple Refractor/75|Gold Refractor/50|Orange Refractor/25|Black Refractor/10|Red Refractor/5|FrozenFractor/5|Superfractor/1|Blue Wave Refractor/150|Green Wave Refractor/99|Purple Wave Refractor/75|Gold Wave Refractor/50|Orange Wave Refractor/25
2025-26,2025-26-topps-chrome,Topps Chrome,170,Alex Caruso,Oklahoma City Thunder,false,Base|Refractor|Prism Refractor|Negative Refractor|Magenta Refractor/399|Teal Refractor/299|Yellow Refractor/275|Aqua Refractor/199|Blue Refractor/150|Green Refractor/99|Purple Refractor/75|Gold Refractor/50|Orange Refractor/25|Black Refractor/10|Red Refractor/5|FrozenFractor/5|Superfractor/1|Blue Wave Refractor/150|Green Wave Refractor/99|Purple Wave Refractor/75|Gold Wave Refractor/50|Orange Wave Refractor/25
2025-26,2025-26-topps-chrome,Topps Chrome,171,Paul George,Philadelphia 76ers,false,Base|Refractor|Prism Refractor|Negative Refractor|Magenta Refractor/399|Teal Refractor/299|Yellow Refractor/275|Aqua Refractor/199|Blue Refractor/150|Green Refractor/99|Purple Refractor/75|Gold Refractor/50|Orange Refractor/25|Black Refractor/10|Red Refractor/5|FrozenFractor/5|Superfractor/1|Blue Wave Refractor/150|Green Wave Refractor/99|Purple Wave Refractor/75|Gold Wave Refractor/50|Orange Wave Refractor/25
2025-26,2025-26-topps-chrome,Topps Chrome,172,Nikola Jović,Miami Heat,false,Base|Refractor|Prism Refractor|Negative Refractor|Magenta Refractor/399|Teal Refractor/299|Yellow Refractor/275|Aqua Refractor/199|Blue Refractor/150|Green Refractor/99|Purple Refractor/75|Gold Refractor/50|Orange Refractor/25|Black Refractor/10|Red Refractor/5|FrozenFractor/5|Superfractor/1|Blue Wave Refractor/150|Green Wave Refractor/99|Purple Wave Refractor/75|Gold Wave Refractor/50|Orange Wave Refractor/25
2025-26,2025-26-topps-chrome,Topps Chrome,173,Tristan Da Silva,Orlando Magic,false,Base|Refractor|Prism Refractor|Negative Refractor|Magenta Refractor/399|Teal Refractor/299|Yellow Refractor/275|Aqua Refractor/199|Blue Refractor/150|Green Refractor/99|Purple Refractor/75|Gold Refractor/50|Orange Refractor/25|Black Refractor/10|Red Refractor/5|FrozenFractor/5|Superfractor/1|Blue Wave Refractor/150|Green Wave Refractor/99|Purple Wave Refractor/75|Gold Wave Refractor/50|Orange Wave Refractor/25
2025-26,2025-26-topps-chrome,Topps Chrome,174,Desmond Bane,Memphis Grizzlies,false,Base|Refractor|Prism Refractor|Negative Refractor|Magenta Refractor/399|Teal Refractor/299|Yellow Refractor/275|Aqua Refractor/199|Blue Refractor/150|Green Refractor/99|Purple Refractor/75|Gold Refractor/50|Orange Refractor/25|Black Refractor/10|Red Refractor/5|FrozenFractor/5|Superfractor/1|Blue Wave Refractor/150|Green Wave Refractor/99|Purple Wave Refractor/75|Gold Wave Refractor/50|Orange Wave Refractor/25
2025-26,2025-26-topps-chrome,Topps Chrome,175,Cole Anthony,Orlando Magic,false,Base|Refractor|Prism Refractor|Negative Refractor|Magenta Refractor/399|Teal Refractor/299|Yellow Refractor/275|Aqua Refractor/199|Blue Refractor/150|Green Refractor/99|Purple Refractor/75|Gold Refractor/50|Orange Refractor/25|Black Refractor/10|Red Refractor/5|FrozenFractor/5|Superfractor/1|Blue Wave Refractor/150|Green Wave Refractor/99|Purple Wave Refractor/75|Gold Wave Refractor/50|Orange Wave Refractor/25
2025-26,2025-26-topps-chrome,Topps Chrome,176,Jaden McDaniels,Minnesota Timberwolves,false,Base|Refractor|Prism Refractor|Negative Refractor|Magenta Refractor/399|Teal Refractor/299|Yellow Refractor/275|Aqua Refractor/199|Blue Refractor/150|Green Refractor/99|Purple Refractor/75|Gold Refractor/50|Orange Refractor/25|Black Refractor/10|Red Refractor/5|FrozenFractor/5|Superfractor/1|Blue Wave Refractor/150|Green Wave Refractor/99|Purple Wave Refractor/75|Gold Wave Refractor/50|Orange Wave Refractor/25
2025-26,2025-26-topps-chrome,Topps Chrome,177,Luguentz Dort,Oklahoma City Thunder,false,Base|Refractor|Prism Refractor|Negative Refractor|Magenta Refractor/399|Teal Refractor/299|Yellow Refractor/275|Aqua Refractor/199|Blue Refractor/150|Green Refractor/99|Purple Refractor/75|Gold Refractor/50|Orange Refractor/25|Black Refractor/10|Red Refractor/5|FrozenFractor/5|Superfractor/1|Blue Wave Refractor/150|Green Wave Refractor/99|Purple Wave Refractor/75|Gold Wave Refractor/50|Orange Wave Refractor/25
2025-26,2025-26-topps-chrome,Topps Chrome,178,Ryan Dunn,Phoenix Suns,false,Base|Refractor|Prism Refractor|Negative Refractor|Magenta Refractor/399|Teal Refractor/299|Yellow Refractor/275|Aqua Refractor/199|Blue Refractor/150|Green Refractor/99|Purple Refractor/75|Gold Refractor/50|Orange Refractor/25|Black Refractor/10|Red Refractor/5|FrozenFractor/5|Superfractor/1|Blue Wave Refractor/150|Green Wave Refractor/99|Purple Wave Refractor/75|Gold Wave Refractor/50|Orange Wave Refractor/25
2025-26,2025-26-topps-chrome,Topps Chrome,179,Karl-Anthony Towns,New York Knicks,false,Base|Refractor|Prism Refractor|Negative Refractor|Magenta Refractor/399|Teal Refractor/299|Yellow Refractor/275|Aqua Refractor/199|Blue Refractor/150|Green Refractor/99|Purple Refractor/75|Gold Refractor/50|Orange Refractor/25|Black Refractor/10|Red Refractor/5|FrozenFractor/5|Superfractor/1|Blue Wave Refractor/150|Green Wave Refractor/99|Purple Wave Refractor/75|Gold Wave Refractor/50|Orange Wave Refractor/25
2025-26,2025-26-topps-chrome,Topps Chrome,180,Andrew Wiggins,Miami Heat,false,Base|Refractor|Prism Refractor|Negative Refractor|Magenta Refractor/399|Teal Refractor/299|Yellow Refractor/275|Aqua Refractor/199|Blue Refractor/150|Green Refractor/99|Purple Refractor/75|Gold Refractor/50|Orange Refractor/25|Black Refractor/10|Red Refractor/5|FrozenFractor/5|Superfractor/1|Blue Wave Refractor/150|Green Wave Refractor/99|Purple Wave Refractor/75|Gold Wave Refractor/50|Orange Wave Refractor/25
2025-26,2025-26-topps-chrome,Topps Chrome,181,Isaiah Hartenstein,Oklahoma City Thunder,false,Base|Refractor|Prism Refractor|Negative Refractor|Magenta Refractor/399|Teal Refractor/299|Yellow Refractor/275|Aqua Refractor/199|Blue Refractor/150|Green Refractor/99|Purple Refractor/75|Gold Refractor/50|Orange Refractor/25|Black Refractor/10|Red Refractor/5|FrozenFractor/5|Superfractor/1|Blue Wave Refractor/150|Green Wave Refractor/99|Purple Wave Refractor/75|Gold Wave Refractor/50|Orange Wave Refractor/25
2025-26,2025-26-topps-chrome,Topps Chrome,182,Bronny James Jr.,Los Angeles Lakers,false,Base|Refractor|Prism Refractor|Negative Refractor|Magenta Refractor/399|Teal Refractor/299|Yellow Refractor/275|Aqua Refractor/199|Blue Refractor/150|Green Refractor/99|Purple Refractor/75|Gold Refractor/50|Orange Refractor/25|Black Refractor/10|Red Refractor/5|FrozenFractor/5|Superfractor/1|Blue Wave Refractor/150|Green Wave Refractor/99|Purple Wave Refractor/75|Gold Wave Refractor/50|Orange Wave Refractor/25
2025-26,2025-26-topps-chrome,Topps Chrome,183,Adem Bona,Philadelphia 76ers,false,Base|Refractor|Prism Refractor|Negative Refractor|Magenta Refractor/399|Teal Refractor/299|Yellow Refractor/275|Aqua Refractor/199|Blue Refractor/150|Green Refractor/99|Purple Refractor/75|Gold Refractor/50|Orange Refractor/25|Black Refractor/10|Red Refractor/5|FrozenFractor/5|Superfractor/1|Blue Wave Refractor/150|Green Wave Refractor/99|Purple Wave Refractor/75|Gold Wave Refractor/50|Orange Wave Refractor/25
2025-26,2025-26-topps-chrome,Topps Chrome,184,Eric Gordon,Philadelphia 76ers,false,Base|Refractor|Prism Refractor|Negative Refractor|Magenta Refractor/399|Teal Refractor/299|Yellow Refractor/275|Aqua Refractor/199|Blue Refractor/150|Green Refractor/99|Purple Refractor/75|Gold Refractor/50|Orange Refractor/25|Black Refractor/10|Red Refractor/5|FrozenFractor/5|Superfractor/1|Blue Wave Refractor/150|Green Wave Refractor/99|Purple Wave Refractor/75|Gold Wave Refractor/50|Orange Wave Refractor/25
2025-26,2025-26-topps-chrome,Topps Chrome,185,Tyrese Maxey,Philadelphia 76ers,false,Base|Image Variation|Refractor|Prism Refractor|Negative Refractor|Magenta Refractor/399|Teal Refractor/299|Yellow Refractor/275|Aqua Refractor/199|Blue Refractor/150|Green Refractor/99|Purple Refractor/75|Gold Refractor/50|Orange Refractor/25|Black Refractor/10|Red Refractor/5|FrozenFractor/5|Superfractor/1|Blue Wave Refractor/150|Green Wave Refractor/99|Purple Wave Refractor/75|Gold Wave Refractor/50|Orange Wave Refractor/25
2025-26,2025-26-topps-chrome,Topps Chrome,186,Dejounte Murray,New Orleans Pelicans,false,Base|Refractor|Prism Refractor|Negative Refractor|Magenta Refractor/399|Teal Refractor/299|Yellow Refractor/275|Aqua Refractor/199|Blue Refractor/150|Green Refractor/99|Purple Refractor/75|Gold Refractor/50|Orange Refractor/25|Black Refractor/10|Red Refractor/5|FrozenFractor/5|Superfractor/1|Blue Wave Refractor/150|Green Wave Refractor/99|Purple Wave Refractor/75|Gold Wave Refractor/50|Orange Wave Refractor/25
2025-26,2025-26-topps-chrome,Topps Chrome,187,Jalen Williams,Oklahoma City Thunder,false,Base|Refractor|Prism Refractor|Negative Refractor|Magenta Refractor/399|Teal Refractor/299|Yellow Refractor/275|Aqua Refractor/199|Blue Refractor/150|Green Refractor/99|Purple Refractor/75|Gold Refractor/50|Orange Refractor/25|Black Refractor/10|Red Refractor/5|FrozenFractor/5|Superfractor/1|Blue Wave Refractor/150|Green Wave Refractor/99|Purple Wave Refractor/75|Gold Wave Refractor/50|Orange Wave Refractor/25
2025-26,2025-26-topps-chrome,Topps Chrome,188,Tyler Herro,Miami Heat,false,Base|Refractor|Prism Refractor|Negative Refractor|Magenta Refractor/399|Teal Refractor/299|Yellow Refractor/275|Aqua Refractor/199|Blue Refractor/150|Green Refractor/99|Purple Refractor/75|Gold Refractor/50|Orange Refractor/25|Black Refractor/10|Red Refractor/5|FrozenFractor/5|Superfractor/1|Blue Wave Refractor/150|Green Wave Refractor/99|Purple Wave Refractor/75|Gold Wave Refractor/50|Orange Wave Refractor/25
2025-26,2025-26-topps-chrome,Topps Chrome,189,Pelle Larsson,Miami Heat,false,Base|Refractor|Prism Refractor|Negative Refractor|Magenta Refractor/399|Teal Refractor/299|Yellow Refractor/275|Aqua Refractor/199|Blue Refractor/150|Green Refractor/99|Purple Refractor/75|Gold Refractor/50|Orange Refractor/25|Black Refractor/10|Red Refractor/5|FrozenFractor/5|Superfractor/1|Blue Wave Refractor/150|Green Wave Refractor/99|Purple Wave Refractor/75|Gold Wave Refractor/50|Orange Wave Refractor/25
2025-26,2025-26-topps-chrome,Topps Chrome,190,Pat Connaughton,Milwaukee Bucks,false,Base|Refractor|Prism Refractor|Negative Refractor|Magenta Refractor/399|Teal Refractor/299|Yellow Refractor/275|Aqua Refractor/199|Blue Refractor/150|Green Refractor/99|Purple Refractor/75|Gold Refractor/50|Orange Refractor/25|Black Refractor/10|Red Refractor/5|FrozenFractor/5|Superfractor/1|Blue Wave Refractor/150|Green Wave Refractor/99|Purple Wave Refractor/75|Gold Wave Refractor/50|Orange Wave Refractor/25
2025-26,2025-26-topps-chrome,Topps Chrome,191,Cason Wallace,Oklahoma City Thunder,false,Base|Refractor|Prism Refractor|Negative Refractor|Magenta Refractor/399|Teal Refractor/299|Yellow Refractor/275|Aqua Refractor/199|Blue Refractor/150|Green Refractor/99|Purple Refractor/75|Gold Refractor/50|Orange Refractor/25|Black Refractor/10|Red Refractor/5|FrozenFractor/5|Superfractor/1|Blue Wave Refractor/150|Green Wave Refractor/99|Purple Wave Refractor/75|Gold Wave Refractor/50|Orange Wave Refractor/25
2025-26,2025-26-topps-chrome,Topps Chrome,192,Dorian Finney-Smith,Los Angeles Lakers,false,Base|Refractor|Prism Refractor|Negative Refractor|Magenta Refractor/399|Teal Refractor/299|Yellow Refractor/275|Aqua Refractor/199|Blue Refractor/150|Green Refractor/99|Purple Refractor/75|Gold Refractor/50|Orange Refractor/25|Black Refractor/10|Red Refractor/5|FrozenFractor/5|Superfractor/1|Blue Wave Refractor/150|Green Wave Refractor/99|Purple Wave Refractor/75|Gold Wave Refractor/50|Orange Wave Refractor/25
2025-26,2025-26-topps-chrome,Topps Chrome,193,Nickeil Alexander-Walker,Minnesota Timberwolves,false,Base|Refractor|Prism Refractor|Negative Refractor|Magenta Refractor/399|Teal Refractor/299|Yellow Refractor/275|Aqua Refractor/199|Blue Refractor/150|Green Refractor/99|Purple Refractor/75|Gold Refractor/50|Orange Refractor/25|Black Refractor/10|Red Refractor/5|FrozenFractor/5|Superfractor/1|Blue Wave Refractor/150|Green Wave Refractor/99|Purple Wave Refractor/75|Gold Wave Refractor/50|Orange Wave Refractor/25
2025-26,2025-26-topps-chrome,Topps Chrome,194,Bradley Beal,Phoenix Suns,false,Base|Refractor|Prism Refractor|Negative Refractor|Magenta Refractor/399|Teal Refractor/299|Yellow Refractor/275|Aqua Refractor/199|Blue Refractor/150|Green Refractor/99|Purple Refractor/75|Gold Refractor/50|Orange Refractor/25|Black Refractor/10|Red Refractor/5|FrozenFractor/5|Superfractor/1|Blue Wave Refractor/150|Green Wave Refractor/99|Purple Wave Refractor/75|Gold Wave Refractor/50|Orange Wave Refractor/25
2025-26,2025-26-topps-chrome,Topps Chrome,195,Devin Booker,Phoenix Suns,false,Base|Image Variation|Refractor|Prism Refractor|Negative Refractor|Magenta Refractor/399|Teal Refractor/299|Yellow Refractor/275|Aqua Refractor/199|Blue Refractor/150|Green Refractor/99|Purple Refractor/75|Gold Refractor/50|Orange Refractor/25|Black Refractor/10|Red Refractor/5|FrozenFractor/5|Superfractor/1|Blue Wave Refractor/150|Green Wave Refractor/99|Purple Wave Refractor/75|Gold Wave Refractor/50|Orange Wave Refractor/25
2025-26,2025-26-topps-chrome,Topps Chrome,196,Aaron Wiggins,Oklahoma City Thunder,false,Base|Refractor|Prism Refractor|Negative Refractor|Magenta Refractor/399|Teal Refractor/299|Yellow Refractor/275|Aqua Refractor/199|Blue Refractor/150|Green Refractor/99|Purple Refractor/75|Gold Refractor/50|Orange Refractor/25|Black Refractor/10|Red Refractor/5|FrozenFractor/5|Superfractor/1|Blue Wave Refractor/150|Green Wave Refractor/99|Purple Wave Refractor/75|Gold Wave Refractor/50|Orange Wave Refractor/25
2025-26,2025-26-topps-chrome,Topps Chrome,197,Quentin Grimes,Philadelphia 76ers,false,Base|Refractor|Prism Refractor|Negative Refractor|Magenta Refractor/399|Teal Refractor/299|Yellow Refractor/275|Aqua Refractor/199|Blue Refractor/150|Green Refractor/99|Purple Refractor/75|Gold Refractor/50|Orange Refractor/25|Black Refractor/10|Red Refractor/5|FrozenFractor/5|Superfractor/1|Blue Wave Refractor/150|Green Wave Refractor/99|Purple Wave Refractor/75|Gold Wave Refractor/50|Orange Wave Refractor/25
2025-26,2025-26-topps-chrome,Topps Chrome,198,Terrence Shannon Jr.,Minnesota Timberwolves,false,Base|Refractor|Prism Refractor|Negative Refractor|Magenta Refractor/399|Teal Refractor/299|Yellow Refractor/275|Aqua Refractor/199|Blue Refractor/150|Green Refractor/99|Purple Refractor/75|Gold Refractor/50|Orange Refractor/25|Black Refractor/10|Red Refractor/5|FrozenFractor/5|Superfractor/1|Blue Wave Refractor/150|Green Wave Refractor/99|Purple Wave Refractor/75|Gold Wave Refractor/50|Orange Wave Refractor/25
2025-26,2025-26-topps-chrome,Topps Chrome,199,GG Jackson II,Memphis Grizzlies,false,Base|Refractor|Prism Refractor|Negative Refractor|Magenta Refractor/399|Teal Refractor/299|Yellow Refractor/275|Aqua Refractor/199|Blue Refractor/150|Green Refractor/99|Purple Refractor/75|Gold Refractor/50|Orange Refractor/25|Black Refractor/10|Red Refractor/5|FrozenFractor/5|Superfractor/1|Blue Wave Refractor/150|Green Wave Refractor/99|Purple Wave Refractor/75|Gold Wave Refractor/50|Orange Wave Refractor/25
2025-26,2025-26-topps-chrome,Topps Chrome,200,Jaylen Wells,Memphis Grizzlies,false,Base|Refractor|Prism Refractor|Negative Refractor|Magenta Refractor/399|Teal Refractor/299|Yellow Refractor/275|Aqua Refractor/199|Blue Refractor/150|Green Refractor/99|Purple Refractor/75|Gold Refractor/50|Orange Refractor/25|Black Refractor/10|Red Refractor/5|FrozenFractor/5|Superfractor/1|Blue Wave Refractor/150|Green Wave Refractor/99|Purple Wave Refractor/75|Gold Wave Refractor/50|Orange Wave Refractor/25
2025-26,2025-26-topps-chrome,Topps Chrome,201,Stephen Curry,Golden State Warriors,false,Base|Image Variation|Refractor|Prism Refractor|Negative Refractor|Magenta Refractor/399|Teal Refractor/299|Yellow Refractor/275|Aqua Refractor/199|Blue Refractor/150|Green Refractor/99|Purple Refractor/75|Gold Refractor/50|Orange Refractor/25|Black Refractor/10|Red Refractor/5|FrozenFractor/5|Superfractor/1|Blue Wave Refractor/150|Green Wave Refractor/99|Purple Wave Refractor/75|Gold Wave Refractor/50|Orange Wave Refractor/25
2025-26,2025-26-topps-chrome,Topps Chrome,202,Devin Vassell,San Antonio Spurs,false,Base|Refractor|Prism Refractor|Negative Refractor|Magenta Refractor/399|Teal Refractor/299|Yellow Refractor/275|Aqua Refractor/199|Blue Refractor/150|Green Refractor/99|Purple Refractor/75|Gold Refractor/50|Orange Refractor/25|Black Refractor/10|Red Refractor/5|FrozenFractor/5|Superfractor/1|Blue Wave Refractor/150|Green Wave Refractor/99|Purple Wave Refractor/75|Gold Wave Refractor/50|Orange Wave Refractor/25
2025-26,2025-26-topps-chrome,Topps Chrome,203,Scottie Barnes,Toronto Raptors,false,Base|Refractor|Prism Refractor|Negative Refractor|Magenta Refractor/399|Teal Refractor/299|Yellow Refractor/275|Aqua Refractor/199|Blue Refractor/150|Green Refractor/99|Purple Refractor/75|Gold Refractor/50|Orange Refractor/25|Black Refractor/10|Red Refractor/5|FrozenFractor/5|Superfractor/1|Blue Wave Refractor/150|Green Wave Refractor/99|Purple Wave Refractor/75|Gold Wave Refractor/50|Orange Wave Refractor/25
2025-26,2025-26-topps-chrome,Topps Chrome,204,Khris Middleton,Washington Wizards,false,Base|Refractor|Prism Refractor|Negative Refractor|Magenta Refractor/399|Teal Refractor/299|Yellow Refractor/275|Aqua Refractor/199|Blue Refractor/150|Green Refractor/99|Purple Refractor/75|Gold Refractor/50|Orange Refractor/25|Black Refractor/10|Red Refractor/5|FrozenFractor/5|Superfractor/1|Blue Wave Refractor/150|Green Wave Refractor/99|Purple Wave Refractor/75|Gold Wave Refractor/50|Orange Wave Refractor/25
2025-26,2025-26-topps-chrome,Topps Chrome,205,Walker Kessler,Utah Jazz,false,Base|Refractor|Prism Refractor|Negative Refractor|Magenta Refractor/399|Teal Refractor/299|Yellow Refractor/275|Aqua Refractor/199|Blue Refractor/150|Green Refractor/99|Purple Refractor/75|Gold Refractor/50|Orange Refractor/25|Black Refractor/10|Red Refractor/5|FrozenFractor/5|Superfractor/1|Blue Wave Refractor/150|Green Wave Refractor/99|Purple Wave Refractor/75|Gold Wave Refractor/50|Orange Wave Refractor/25
2025-26,2025-26-topps-chrome,Topps Chrome,206,Jonas Valančiūnas,Sacramento Kings,false,Base|Refractor|Prism Refractor|Negative Refractor|Magenta Refractor/399|Teal Refractor/299|Yellow Refractor/275|Aqua Refractor/199|Blue Refractor/150|Green Refractor/99|Purple Refractor/75|Gold Refractor/50|Orange Refractor/25|Black Refractor/10|Red Refractor/5|FrozenFractor/5|Superfractor/1|Blue Wave Refractor/150|Green Wave Refractor/99|Purple Wave Refractor/75|Gold Wave Refractor/50|Orange Wave Refractor/25
2025-26,2025-26-topps-chrome,Topps Chrome,207,Jordan Poole,Washington Wizards,false,Base|Refractor|Prism Refractor|Negative Refractor|Magenta Refractor/399|Teal Refractor/299|Yellow Refractor/275|Aqua Refractor/199|Blue Refractor/150|Green Refractor/99|Purple Refractor/75|Gold Refractor/50|Orange Refractor/25|Black Refractor/10|Red Refractor/5|FrozenFractor/5|Superfractor/1|Blue Wave Refractor/150|Green Wave Refractor/99|Purple Wave Refractor/75|Gold Wave Refractor/50|Orange Wave Refractor/25
2025-26,2025-26-topps-chrome,Topps Chrome,208,Bilal Coulibaly,Washington Wizards,false,Base|Refractor|Prism Refractor|Negative Refractor|Magenta Refractor/399|Teal Refractor/299|Yellow Refractor/275|Aqua Refractor/199|Blue Refractor/150|Green Refractor/99|Purple Refractor/75|Gold Refractor/50|Orange Refractor/25|Black Refractor/10|Red Refractor/5|FrozenFractor/5|Superfractor/1|Blue Wave Refractor/150|Green Wave Refractor/99|Purple Wave Refractor/75|Gold Wave Refractor/50|Orange Wave Refractor/25
2025-26,2025-26-topps-chrome,Topps Chrome,209,Jimmy Butler III,Golden State Warriors,false,Base|Refractor|Prism Refractor|Negative Refractor|Magenta Refractor/399|Teal Refractor/299|Yellow Refractor/275|Aqua Refractor/199|Blue Refractor/150|Green Refractor/99|Purple Refractor/75|Gold Refractor/50|Orange Refractor/25|Black Refractor/10|Red Refractor/5|FrozenFractor/5|Superfractor/1|Blue Wave Refractor/150|Green Wave Refractor/99|Purple Wave Refractor/75|Gold Wave Refractor/50|Orange Wave Refractor/25
2025-26,2025-26-topps-chrome,Topps Chrome,210,Collin Sexton,Utah Jazz,false,Base|Refractor|Prism Refractor|Negative Refractor|Magenta Refractor/399|Teal Refractor/299|Yellow Refractor/275|Aqua Refractor/199|Blue Refractor/150|Green Refractor/99|Purple Refractor/75|Gold Refractor/50|Orange Refractor/25|Black Refractor/10|Red Refractor/5|FrozenFractor/5|Superfractor/1|Blue Wave Refractor/150|Green Wave Refractor/99|Purple Wave Refractor/75|Gold Wave Refractor/50|Orange Wave Refractor/25
2025-26,2025-26-topps-chrome,Topps Chrome,211,Jonathan Kuminga,Golden State Warriors,false,Base|Refractor|Prism Refractor|Negative Refractor|Magenta Refractor/399|Teal Refractor/299|Yellow Refractor/275|Aqua Refractor/199|Blue Refractor/150|Green Refractor/99|Purple Refractor/75|Gold Refractor/50|Orange Refractor/25|Black Refractor/10|Red Refractor/5|FrozenFractor/5|Superfractor/1|Blue Wave Refractor/150|Green Wave Refractor/99|Purple Wave Refractor/75|Gold Wave Refractor/50|Orange Wave Refractor/25
2025-26,2025-26-topps-chrome,Topps Chrome,212,Immanuel Quickley,Toronto Raptors,false,Base|Refractor|Prism Refractor|Negative Refractor|Magenta Refractor/399|Teal Refractor/299|Yellow Refractor/275|Aqua Refractor/199|Blue Refractor/150|Green Refractor/99|Purple Refractor/75|Gold Refractor/50|Orange Refractor/25|Black Refractor/10|Red Refractor/5|FrozenFractor/5|Superfractor/1|Blue Wave Refractor/150|Green Wave Refractor/99|Purple Wave Refractor/75|Gold Wave Refractor/50|Orange Wave Refractor/25
2025-26,2025-26-topps-chrome,Topps Chrome,213,Kyle Filipowski,Utah Jazz,false,Base|Refractor|Prism Refractor|Negative Refractor|Magenta Refractor/399|Teal Refractor/299|Yellow Refractor/275|Aqua Refractor/199|Blue Refractor/150|Green Refractor/99|Purple Refractor/75|Gold Refractor/50|Orange Refractor/25|Black Refractor/10|Red Refractor/5|FrozenFractor/5|Superfractor/1|Blue Wave Refractor/150|Green Wave Refractor/99|Purple Wave Refractor/75|Gold Wave Refractor/50|Orange Wave Refractor/25
2025-26,2025-26-topps-chrome,Topps Chrome,214,Gradey Dick,Toronto Raptors,false,Base|Refractor|Prism Refractor|Negative Refractor|Magenta Refractor/399|Teal Refractor/299|Yellow Refractor/275|Aqua Refractor/199|Blue Refractor/150|Green Refractor/99|Purple Refractor/75|Gold Refractor/50|Orange Refractor/25|Black Refractor/10|Red Refractor/5|FrozenFractor/5|Superfractor/1|Blue Wave Refractor/150|Green Wave Refractor/99|Purple Wave Refractor/75|Gold Wave Refractor/50|Orange Wave Refractor/25
2025-26,2025-26-topps-chrome,Topps Chrome,215,Buddy Hield,Golden State Warriors,false,Base|Refractor|Prism Refractor|Negative Refractor|Magenta Refractor/399|Teal Refractor/299|Yellow Refractor/275|Aqua Refractor/199|Blue Refractor/150|Green Refractor/99|Purple Refractor/75|Gold Refractor/50|Orange Refractor/25|Black Refractor/10|Red Refractor/5|FrozenFractor/5|Superfractor/1|Blue Wave Refractor/150|Green Wave Refractor/99|Purple Wave Refractor/75|Gold Wave Refractor/50|Orange Wave Refractor/25
2025-26,2025-26-topps-chrome,Topps Chrome,216,Harrison Barnes,San Antonio Spurs,false,Base|Refractor|Prism Refractor|Negative Refractor|Magenta Refractor/399|Teal Refractor/299|Yellow Refractor/275|Aqua Refractor/199|Blue Refractor/150|Green Refractor/99|Purple Refractor/75|Gold Refractor/50|Orange Refractor/25|Black Refractor/10|Red Refractor/5|FrozenFractor/5|Superfractor/1|Blue Wave Refractor/150|Green Wave Refractor/99|Purple Wave Refractor/75|Gold Wave Refractor/50|Orange Wave Refractor/25
2025-26,2025-26-topps-chrome,Topps Chrome,217,Kris Murray,Portland Trail Blazers,false,Base|Refractor|Prism Refractor|Negative Refractor|Magenta Refractor/399|Teal Refractor/299|Yellow Refractor/275|Aqua Refractor/199|Blue Refractor/150|Green Refractor/99|Purple Refractor/75|Gold Refractor/50|Orange Refractor/25|Black Refractor/10|Red Refractor/5|FrozenFractor/5|Superfractor/1|Blue Wave Refractor/150|Green Wave Refractor/99|Purple Wave Refractor/75|Gold Wave Refractor/50|Orange Wave Refractor/25
2025-26,2025-26-topps-chrome,Topps Chrome,218,Alex Sarr,Washington Wizards,false,Base|Image Variation|Refractor|Prism Refractor|Negative Refractor|Magenta Refractor/399|Teal Refractor/299|Yellow Refractor/275|Aqua Refractor/199|Blue Refractor/150|Green Refractor/99|Purple Refractor/75|Gold Refractor/50|Orange Refractor/25|Black Refractor/10|Red Refractor/5|FrozenFractor/5|Superfractor/1|Blue Wave Refractor/150|Green Wave Refractor/99|Purple Wave Refractor/75|Gold Wave Refractor/50|Orange Wave Refractor/25
2025-26,2025-26-topps-chrome,Topps Chrome,219,Chris Paul,San Antonio Spurs,false,Base|Refractor|Prism Refractor|Negative Refractor|Magenta Refractor/399|Teal Refractor/299|Yellow Refractor/275|Aqua Refractor/199|Blue Refractor/150|Green Refractor/99|Purple Refractor/75|Gold Refractor/50|Orange Refractor/25|Black Refractor/10|Red Refractor/5|FrozenFractor/5|Superfractor/1|Blue Wave Refractor/150|Green Wave Refractor/99|Purple Wave Refractor/75|Gold Wave Refractor/50|Orange Wave Refractor/25
2025-26,2025-26-topps-chrome,Topps Chrome,220,Keldon Johnson,San Antonio Spurs,false,Base|Refractor|Prism Refractor|Negative Refractor|Magenta Refractor/399|Teal Refractor/299|Yellow Refractor/275|Aqua Refractor/199|Blue Refractor/150|Green Refractor/99|Purple Refractor/75|Gold Refractor/50|Orange Refractor/25|Black Refractor/10|Red Refractor/5|FrozenFractor/5|Superfractor/1|Blue Wave Refractor/150|Green Wave Refractor/99|Purple Wave Refractor/75|Gold Wave Refractor/50|Orange Wave Refractor/25
2025-26,2025-26-topps-chrome,Topps Chrome,221,Victor Wembanyama,San Antonio Spurs,false,Base|Image Variation|Refractor|Prism Refractor|Negative Refractor|Magenta Refractor/399|Teal Refractor/299|Yellow Refractor/275|Aqua Refractor/199|Blue Refractor/150|Green Refractor/99|Purple Refractor/75|Gold Refractor/50|Orange Refractor/25|Black Refractor/10|Red Refractor/5|FrozenFractor/5|Superfractor/1|Blue Wave Refractor/150|Green Wave Refractor/99|Purple Wave Refractor/75|Gold Wave Refractor/50|Orange Wave Refractor/25
2025-26,2025-26-topps-chrome,Topps Chrome,222,Harrison Ingram,San Antonio Spurs,false,Base|Refractor|Prism Refractor|Negative Refractor|Magenta Refractor/399|Teal Refractor/299|Yellow Refractor/275|Aqua Refractor/199|Blue Refractor/150|Green Refractor/99|Purple Refractor/75|Gold Refractor/50|Orange Refractor/25|Black Refractor/10|Red Refractor/5|FrozenFractor/5|Superfractor/1|Blue Wave Refractor/150|Green Wave Refractor/99|Purple Wave Refractor/75|Gold Wave Refractor/50|Orange Wave Refractor/25
2025-26,2025-26-topps-chrome,Topps Chrome,223,Dwight Powell,Dallas Mavericks,false,Base|Refractor|Prism Refractor|Negative Refractor|Magenta Refractor/399|Teal Refractor/299|Yellow Refractor/275|Aqua Refractor/199|Blue Refractor/150|Green Refractor/99|Purple Refractor/75|Gold Refractor/50|Orange Refractor/25|Black Refractor/10|Red Refractor/5|FrozenFractor/5|Superfractor/1|Blue Wave Refractor/150|Green Wave Refractor/99|Purple Wave Refractor/75|Gold Wave Refractor/50|Orange Wave Refractor/25
2025-26,2025-26-topps-chrome,Topps Chrome,224,Marcus Smart,Washington Wizards,false,Base|Refractor|Prism Refractor|Negative Refractor|Magenta Refractor/399|Teal Refractor/299|Yellow Refractor/275|Aqua Refractor/199|Blue Refractor/150|Green Refractor/99|Purple Refractor/75|Gold Refractor/50|Orange Refractor/25|Black Refractor/10|Red Refractor/5|FrozenFractor/5|Superfractor/1|Blue Wave Refractor/150|Green Wave Refractor/99|Purple Wave Refractor/75|Gold Wave Refractor/50|Orange Wave Refractor/25
2025-26,2025-26-topps-chrome,Topps Chrome,225,RJ Barrett,Toronto Raptors,false,Base|Refractor|Prism Refractor|Negative Refractor|Magenta Refractor/399|Teal Refractor/299|Yellow Refractor/275|Aqua Refractor/199|Blue Refractor/150|Green Refractor/99|Purple Refractor/75|Gold Refractor/50|Orange Refractor/25|Black Refractor/10|Red Refractor/5|FrozenFractor/5|Superfractor/1|Blue Wave Refractor/150|Green Wave Refractor/99|Purple Wave Refractor/75|Gold Wave Refractor/50|Orange Wave Refractor/25
2025-26,2025-26-topps-chrome,Topps Chrome,227,Keegan Murray,Sacramento Kings,false,Base|Refractor|Prism Refractor|Negative Refractor|Magenta Refractor/399|Teal Refractor/299|Yellow Refractor/275|Aqua Refractor/199|Blue Refractor/150|Green Refractor/99|Purple Refractor/75|Gold Refractor/50|Orange Refractor/25|Black Refractor/10|Red Refractor/5|FrozenFractor/5|Superfractor/1|Blue Wave Refractor/150|Green Wave Refractor/99|Purple Wave Refractor/75|Gold Wave Refractor/50|Orange Wave Refractor/25
2025-26,2025-26-topps-chrome,Topps Chrome,228,Stephon Castle,San Antonio Spurs,false,Base|Image Variation|Refractor|Prism Refractor|Negative Refractor|Magenta Refractor/399|Teal Refractor/299|Yellow Refractor/275|Aqua Refractor/199|Blue Refractor/150|Green Refractor/99|Purple Refractor/75|Gold Refractor/50|Orange Refractor/25|Black Refractor/10|Red Refractor/5|FrozenFractor/5|Superfractor/1|Blue Wave Refractor/150|Green Wave Refractor/99|Purple Wave Refractor/75|Gold Wave Refractor/50|Orange Wave Refractor/25
2025-26,2025-26-topps-chrome,Topps Chrome,229,Domantas Sabonis,Sacramento Kings,false,Base|Refractor|Prism Refractor|Negative Refractor|Magenta Refractor/399|Teal Refractor/299|Yellow Refractor/275|Aqua Refractor/199|Blue Refractor/150|Green Refractor/99|Purple Refractor/75|Gold Refractor/50|Orange Refractor/25|Black Refractor/10|Red Refractor/5|FrozenFractor/5|Superfractor/1|Blue Wave Refractor/150|Green Wave Refractor/99|Purple Wave Refractor/75|Gold Wave Refractor/50|Orange Wave Refractor/25
2025-26,2025-26-topps-chrome,Topps Chrome,230,Jake LaRavia,Sacramento Kings,false,Base|Refractor|Prism Refractor|Negative Refractor|Magenta Refractor/399|Teal Refractor/299|Yellow Refractor/275|Aqua Refractor/199|Blue Refractor/150|Green Refractor/99|Purple Refractor/75|Gold Refractor/50|Orange Refractor/25|Black Refractor/10|Red Refractor/5|FrozenFractor/5|Superfractor/1|Blue Wave Refractor/150|Green Wave Refractor/99|Purple Wave Refractor/75|Gold Wave Refractor/50|Orange Wave Refractor/25
2025-26,2025-26-topps-chrome,Topps Chrome,231,Matas Buzelis,Chicago Bulls,false,Base|Refractor|Prism Refractor|Negative Refractor|Magenta Refractor/399|Teal Refractor/299|Yellow Refractor/275|Aqua Refractor/199|Blue Refractor/150|Green Refractor/99|Purple Refractor/75|Gold Refractor/50|Orange Refractor/25|Black Refractor/10|Red Refractor/5|FrozenFractor/5|Superfractor/1|Blue Wave Refractor/150|Green Wave Refractor/99|Purple Wave Refractor/75|Gold Wave Refractor/50|Orange Wave Refractor/25
2025-26,2025-26-topps-chrome,Topps Chrome,232,Zach LaVine,Sacramento Kings,false,Base|Refractor|Prism Refractor|Negative Refractor|Magenta Refractor/399|Teal Refractor/299|Yellow Refractor/275|Aqua Refractor/199|Blue Refractor/150|Green Refractor/99|Purple Refractor/75|Gold Refractor/50|Orange Refractor/25|Black Refractor/10|Red Refractor/5|FrozenFractor/5|Superfractor/1|Blue Wave Refractor/150|Green Wave Refractor/99|Purple Wave Refractor/75|Gold Wave Refractor/50|Orange Wave Refractor/25
2025-26,2025-26-topps-chrome,Topps Chrome,233,De'Aaron Fox,San Antonio Spurs,false,Base|Refractor|Prism Refractor|Negative Refractor|Magenta Refractor/399|Teal Refractor/299|Yellow Refractor/275|Aqua Refractor/199|Blue Refractor/150|Green Refractor/99|Purple Refractor/75|Gold Refractor/50|Orange Refractor/25|Black Refractor/10|Red Refractor/5|FrozenFractor/5|Superfractor/1|Blue Wave Refractor/150|Green Wave Refractor/99|Purple Wave Refractor/75|Gold Wave Refractor/50|Orange Wave Refractor/25
2025-26,2025-26-topps-chrome,Topps Chrome,234,Draymond Green,Golden State Warriors,false,Base|Refractor|Prism Refractor|Negative Refractor|Magenta Refractor/399|Teal Refractor/299|Yellow Refractor/275|Aqua Refractor/199|Blue Refractor/150|Green Refractor/99|Purple Refractor/75|Gold Refractor/50|Orange Refractor/25|Black Refractor/10|Red Refractor/5|FrozenFractor/5|Superfractor/1|Blue Wave Refractor/150|Green Wave Refractor/99|Purple Wave Refractor/75|Gold Wave Refractor/50|Orange Wave Refractor/25
2025-26,2025-26-topps-chrome,Topps Chrome,235,Keyonte George,Utah Jazz,false,Base|Refractor|Prism Refractor|Negative Refractor|Magenta Refractor/399|Teal Refractor/299|Yellow Refractor/275|Aqua Refractor/199|Blue Refractor/150|Green Refractor/99|Purple Refractor/75|Gold Refractor/50|Orange Refractor/25|Black Refractor/10|Red Refractor/5|FrozenFractor/5|Superfractor/1|Blue Wave Refractor/150|Green Wave Refractor/99|Purple Wave Refractor/75|Gold Wave Refractor/50|Orange Wave Refractor/25
2025-26,2025-26-topps-chrome,Topps Chrome,236,Richaun Holmes,Washington Wizards,false,Base|Refractor|Prism Refractor|Negative Refractor|Magenta Refractor/399|Teal Refractor/299|Yellow Refractor/275|Aqua Refractor/199|Blue Refractor/150|Green Refractor/99|Purple Refractor/75|Gold Refractor/50|Orange Refractor/25|Black Refractor/10|Red Refractor/5|FrozenFractor/5|Superfractor/1|Blue Wave Refractor/150|Green Wave Refractor/99|Purple Wave Refractor/75|Gold Wave Refractor/50|Orange Wave Refractor/25
2025-26,2025-26-topps-chrome,Topps Chrome,237,Kyshawn George,Washington Wizards,false,Base|Refractor|Prism Refractor|Negative Refractor|Magenta Refractor/399|Teal Refractor/299|Yellow Refractor/275|Aqua Refractor/199|Blue Refractor/150|Green Refractor/99|Purple Refractor/75|Gold Refractor/50|Orange Refractor/25|Black Refractor/10|Red Refractor/5|FrozenFractor/5|Superfractor/1|Blue Wave Refractor/150|Green Wave Refractor/99|Purple Wave Refractor/75|Gold Wave Refractor/50|Orange Wave Refractor/25
2025-26,2025-26-topps-chrome,Topps Chrome,238,Lauri Markkanen,Utah Jazz,false,Base|Refractor|Prism Refractor|Negative Refractor|Magenta Refractor/399|Teal Refractor/299|Yellow Refractor/275|Aqua Refractor/199|Blue Refractor/150|Green Refractor/99|Purple Refractor/75|Gold Refractor/50|Orange Refractor/25|Black Refractor/10|Red Refractor/5|FrozenFractor/5|Superfractor/1|Blue Wave Refractor/150|Green Wave Refractor/99|Purple Wave Refractor/75|Gold Wave Refractor/50|Orange Wave Refractor/25
2025-26,2025-26-topps-chrome,Topps Chrome,239,Jeremy Sochan,San Antonio Spurs,false,Base|Refractor|Prism Refractor|Negative Refractor|Magenta Refractor/399|Teal Refractor/299|Yellow Refractor/275|Aqua Refractor/199|Blue Refractor/150|Green Refractor/99|Purple Refractor/75|Gold Refractor/50|Orange Refractor/25|Black Refractor/10|Red Refractor/5|FrozenFractor/5|Superfractor/1|Blue Wave Refractor/150|Green Wave Refractor/99|Purple Wave Refractor/75|Gold Wave Refractor/50|Orange Wave Refractor/25
2025-26,2025-26-topps-chrome,Topps Chrome,240,DeMar DeRozan,Sacramento Kings,false,Base|Refractor|Prism Refractor|Negative Refractor|Magenta Refractor/399|Teal Refractor/299|Yellow Refractor/275|Aqua Refractor/199|Blue Refractor/150|Green Refractor/99|Purple Refractor/75|Gold Refractor/50|Orange Refractor/25|Black Refractor/10|Red Refractor/5|FrozenFractor/5|Superfractor/1|Blue Wave Refractor/150|Green Wave Refractor/99|Purple Wave Refractor/75|Gold Wave Refractor/50|Orange Wave Refractor/25
2025-26,2025-26-topps-chrome,Topps Chrome,241,Dwyane Wade,Miami Heat,false,Base|Refractor|Prism Refractor|Negative Refractor|Magenta Refractor/399|Teal Refractor/299|Yellow Refractor/275|Aqua Refractor/199|Blue Refractor/150|Green Refractor/99|Purple Refractor/75|Gold Refractor/50|Orange Refractor/25|Black Refractor/10|Red Refractor/5|FrozenFractor/5|Superfractor/1|Blue Wave Refractor/150|Green Wave Refractor/99|Purple Wave Refractor/75|Gold Wave Refractor/50|Orange Wave Refractor/25
2025-26,2025-26-topps-chrome,Topps Chrome,242,Shaquille O'Neal,Los Angeles Lakers,false,Base|Refractor|Prism Refractor|Negative Refractor|Magenta Refractor/399|Teal Refractor/299|Yellow Refractor/275|Aqua Refractor/199|Blue Refractor/150|Green Refractor/99|Purple Refractor/75|Gold Refractor/50|Orange Refractor/25|Black Refractor/10|Red Refractor/5|FrozenFractor/5|Superfractor/1|Blue Wave Refractor/150|Green Wave Refractor/99|Purple Wave Refractor/75|Gold Wave Refractor/50|Orange Wave Refractor/25
2025-26,2025-26-topps-chrome,Topps Chrome,243,Larry Bird,Boston Celtics,false,Base|Refractor|Prism Refractor|Negative Refractor|Magenta Refractor/399|Teal Refractor/299|Yellow Refractor/275|Aqua Refractor/199|Blue Refractor/150|Green Refractor/99|Purple Refractor/75|Gold Refractor/50|Orange Refractor/25|Black Refractor/10|Red Refractor/5|FrozenFractor/5|Superfractor/1|Blue Wave Refractor/150|Green Wave Refractor/99|Purple Wave Refractor/75|Gold Wave Refractor/50|Orange Wave Refractor/25
2025-26,2025-26-topps-chrome,Topps Chrome,244,Magic Johnson,Los Angeles Lakers,false,Base|Refractor|Prism Refractor|Negative Refractor|Magenta Refractor/399|Teal Refractor/299|Yellow Refractor/275|Aqua Refractor/199|Blue Refractor/150|Green Refractor/99|Purple Refractor/75|Gold Refractor/50|Orange Refractor/25|Black Refractor/10|Red Refractor/5|FrozenFractor/5|Superfractor/1|Blue Wave Refractor/150|Green Wave Refractor/99|Purple Wave Refractor/75|Gold Wave Refractor/50|Orange Wave Refractor/25
2025-26,2025-26-topps-chrome,Topps Chrome,245,Tracy McGrady,Orlando Magic,false,Base|Refractor|Prism Refractor|Negative Refractor|Magenta Refractor/399|Teal Refractor/299|Yellow Refractor/275|Aqua Refractor/199|Blue Refractor/150|Green Refractor/99|Purple Refractor/75|Gold Refractor/50|Orange Refractor/25|Black Refractor/10|Red Refractor/5|FrozenFractor/5|Superfractor/1|Blue Wave Refractor/150|Green Wave Refractor/99|Purple Wave Refractor/75|Gold Wave Refractor/50|Orange Wave Refractor/25
2025-26,2025-26-topps-chrome,Topps Chrome,246,Dirk Nowitzki,Dallas Mavericks,false,Base|Refractor|Prism Refractor|Negative Refractor|Magenta Refractor/399|Teal Refractor/299|Yellow Refractor/275|Aqua Refractor/199|Blue Refractor/150|Green Refractor/99|Purple Refractor/75|Gold Refractor/50|Orange Refractor/25|Black Refractor/10|Red Refractor/5|FrozenFractor/5|Superfractor/1|Blue Wave Refractor/150|Green Wave Refractor/99|Purple Wave Refractor/75|Gold Wave Refractor/50|Orange Wave Refractor/25
2025-26,2025-26-topps-chrome,Topps Chrome,247,Kevin Garnett,Boston Celtics,false,Base|Refractor|Prism Refractor|Negative Refractor|Magenta Refractor/399|Teal Refractor/299|Yellow Refractor/275|Aqua Refractor/199|Blue Refractor/150|Green Refractor/99|Purple Refractor/75|Gold Refractor/50|Orange Refractor/25|Black Refractor/10|Red Refractor/5|FrozenFractor/5|Superfractor/1|Blue Wave Refractor/150|Green Wave Refractor/99|Purple Wave Refractor/75|Gold Wave Refractor/50|Orange Wave Refractor/25
2025-26,2025-26-topps-chrome,Topps Chrome,248,Carmelo Anthony,New York Knicks,false,Base|Refractor|Prism Refractor|Negative Refractor|Magenta Refractor/399|Teal Refractor/299|Yellow Refractor/275|Aqua Refractor/199|Blue Refractor/150|Green Refractor/99|Purple Refractor/75|Gold Refractor/50|Orange Refractor/25|Black Refractor/10|Red Refractor/5|FrozenFractor/5|Superfractor/1|Blue Wave Refractor/150|Green Wave Refractor/99|Purple Wave Refractor/75|Gold Wave Refractor/50|Orange Wave Refractor/25
2025-26,2025-26-topps-chrome,Topps Chrome,249,Rick Barry,Golden State Warriors,false,Base|Refractor|Prism Refractor|Negative Refractor|Magenta Refractor/399|Teal Refractor/299|Yellow Refractor/275|Aqua Refractor/199|Blue Refractor/150|Green Refractor/99|Purple Refractor/75|Gold Refractor/50|Orange Refractor/25|Black Refractor/10|Red Refractor/5|FrozenFractor/5|Superfractor/1|Blue Wave Refractor/150|Green Wave Refractor/99|Purple Wave Refractor/75|Gold Wave Refractor/50|Orange Wave Refractor/25
2025-26,2025-26-topps-chrome,Topps Chrome,250,John Stockton,Utah Jazz,false,Base|Refractor|Prism Refractor|Negative Refractor|Magenta Refractor/399|Teal Refractor/299|Yellow Refractor/275|Aqua Refractor/199|Blue Refractor/150|Green Refractor/99|Purple Refractor/75|Gold Refractor/50|Orange Refractor/25|Black Refractor/10|Red Refractor/5|FrozenFractor/5|Superfractor/1|Blue Wave Refractor/150|Green Wave Refractor/99|Purple Wave Refractor/75|Gold Wave Refractor/50|Orange Wave Refractor/25
2025-26,2025-26-topps-chrome,Topps Chrome,251,Cooper Flagg,Dallas Mavericks,true,Base|Image Variation|Refractor|Prism Refractor|Negative Refractor|Magenta Refractor/399|Teal Refractor/299|Yellow Refractor/275|Aqua Refractor/199|Blue Refractor/150|Green Refractor/99|Purple Refractor/75|Gold Refractor/50|Orange Refractor/25|Black Refractor/10|Red Refractor/5|FrozenFractor/5|Superfractor/1|Blue Wave Refractor/150|Green Wave Refractor/99|Purple Wave Refractor/75|Gold Wave Refractor/50|Orange Wave Refractor/25
2025-26,2025-26-topps-chrome,Topps Chrome,252,Dylan Harper,San Antonio Spurs,true,Base|Image Variation|Refractor|Prism Refractor|Negative Refractor|Magenta Refractor/399|Teal Refractor/299|Yellow Refractor/275|Aqua Refractor/199|Blue Refractor/150|Green Refractor/99|Purple Refractor/75|Gold Refractor/50|Orange Refractor/25|Black Refractor/10|Red Refractor/5|FrozenFractor/5|Superfractor/1|Blue Wave Refractor/150|Green Wave Refractor/99|Purple Wave Refractor/75|Gold Wave Refractor/50|Orange Wave Refractor/25
2025-26,2025-26-topps-chrome,Topps Chrome,253,VJ Edgecombe,Philadelphia 76ers,true,Base|Image Variation|Refractor|Prism Refractor|Negative Refractor|Magenta Refractor/399|Teal Refractor/299|Yellow Refractor/275|Aqua Refractor/199|Blue Refractor/150|Green Refractor/99|Purple Refractor/75|Gold Refractor/50|Orange Refractor/25|Black Refractor/10|Red Refractor/5|FrozenFractor/5|Superfractor/1|Blue Wave Refractor/150|Green Wave Refractor/99|Purple Wave Refractor/75|Gold Wave Refractor/50|Orange Wave Refractor/25
2025-26,2025-26-topps-chrome,Topps Chrome,254,Kon Knueppel,Charlotte Hornets,true,Base|Image Variation|Refractor|Prism Refractor|Negative Refractor|Magenta Refractor/399|Teal Refractor/299|Yellow Refractor/275|Aqua Refractor/199|Blue Refractor/150|Green Refractor/99|Purple Refractor/75|Gold Refractor/50|Orange Refractor/25|Black Refractor/10|Red Refractor/5|FrozenFractor/5|Superfractor/1|Blue Wave Refractor/150|Green Wave Refractor/99|Purple Wave Refractor/75|Gold Wave Refractor/50|Orange Wave Refractor/25
2025-26,2025-26-topps-chrome,Topps Chrome,255,Ace Bailey,Utah Jazz,true,Base|Image Variation|Refractor|Prism Refractor|Negative Refractor|Magenta Refractor/399|Teal Refractor/299|Yellow Refractor/275|Aqua Refractor/199|Blue Refractor/150|Green Refractor/99|Purple Refractor/75|Gold Refractor/50|Orange Refractor/25|Black Refractor/10|Red Refractor/5|FrozenFractor/5|Superfractor/1|Blue Wave Refractor/150|Green Wave Refractor/99|Purple Wave Refractor/75|Gold Wave Refractor/50|Orange Wave Refractor/25
2025-26,2025-26-topps-chrome,Topps Chrome,256,Tre Johnson III,Washington Wizards,true,Base|Image Variation|Refractor|Prism Refractor|Negative Refractor|Magenta Refractor/399|Teal Refractor/299|Yellow Refractor/275|Aqua Refractor/199|Blue Refractor/150|Green Refractor/99|Purple Refractor/75|Gold Refractor/50|Orange Refractor/25|Black Refractor/10|Red Refractor/5|FrozenFractor/5|Superfractor/1|Blue Wave Refractor/150|Green Wave Refractor/99|Purple Wave Refractor/75|Gold Wave Refractor/50|Orange Wave Refractor/25
2025-26,2025-26-topps-chrome,Topps Chrome,257,Jeremiah Fears,New Orleans Pelicans,true,Base|Image Variation|Refractor|Prism Refractor|Negative Refractor|Magenta Refractor/399|Teal Refractor/299|Yellow Refractor/275|Aqua Refractor/199|Blue Refractor/150|Green Refractor/99|Purple Refractor/75|Gold Refractor/50|Orange Refractor/25|Black Refractor/10|Red Refractor/5|FrozenFractor/5|Superfractor/1|Blue Wave Refractor/150|Green Wave Refractor/99|Purple Wave Refractor/75|Gold Wave Refractor/50|Orange Wave Refractor/25
2025-26,2025-26-topps-chrome,Topps Chrome,258,Egor Dëmin,Brooklyn Nets,true,Base|Image Variation|Refractor|Prism Refractor|Negative Refractor|Magenta Refractor/399|Teal Refractor/299|Yellow Refractor/275|Aqua Refractor/199|Blue Refractor/150|Green Refractor/99|Purple Refractor/75|Gold Refractor/50|Orange Refractor/25|Black Refractor/10|Red Refractor/5|FrozenFractor/5|Superfractor/1|Blue Wave Refractor/150|Green Wave Refractor/99|Purple Wave Refractor/75|Gold Wave Refractor/50|Orange Wave Refractor/25
2025-26,2025-26-topps-chrome,Topps Chrome,259,Collin Murray-Boyles,Toronto Raptors,true,Base|Image Variation|Refractor|Prism Refractor|Negative Refractor|Magenta Refractor/399|Teal Refractor/299|Yellow Refractor/275|Aqua Refractor/199|Blue Refractor/150|Green Refractor/99|Purple Refractor/75|Gold Refractor/50|Orange Refractor/25|Black Refractor/10|Red Refractor/5|FrozenFractor/5|Superfractor/1|Blue Wave Refractor/150|Green Wave Refractor/99|Purple Wave Refractor/75|Gold Wave Refractor/50|Orange Wave Refractor/25
2025-26,2025-26-topps-chrome,Topps Chrome,260,Khaman Maluach,Phoenix Suns,true,Base|Image Variation|Refractor|Prism Refractor|Negative Refractor|Magenta Refractor/399|Teal Refractor/299|Yellow Refractor/275|Aqua Refractor/199|Blue Refractor/150|Green Refractor/99|Purple Refractor/75|Gold Refractor/50|Orange Refractor/25|Black Refractor/10|Red Refractor/5|FrozenFractor/5|Superfractor/1|Blue Wave Refractor/150|Green Wave Refractor/99|Purple Wave Refractor/75|Gold Wave Refractor/50|Orange Wave Refractor/25
2025-26,2025-26-topps-chrome,Topps Chrome,261,Cedric Coward,Memphis Grizzlies,true,Base|Image Variation|Refractor|Prism Refractor|Negative Refractor|Magenta Refractor/399|Teal Refractor/299|Yellow Refractor/275|Aqua Refractor/199|Blue Refractor/150|Green Refractor/99|Purple Refractor/75|Gold Refractor/50|Orange Refractor/25|Black Refractor/10|Red Refractor/5|FrozenFractor/5|Superfractor/1|Blue Wave Refractor/150|Green Wave Refractor/99|Purple Wave Refractor/75|Gold Wave Refractor/50|Orange Wave Refractor/25
2025-26,2025-26-topps-chrome,Topps Chrome,262,Noa Essengue,Chicago Bulls,true,Base|Image Variation|Refractor|Prism Refractor|Negative Refractor|Magenta Refractor/399|Teal Refractor/299|Yellow Refractor/275|Aqua Refractor/199|Blue Refractor/150|Green Refractor/99|Purple Refractor/75|Gold Refractor/50|Orange Refractor/25|Black Refractor/10|Red Refractor/5|FrozenFractor/5|Superfractor/1|Blue Wave Refractor/150|Green Wave Refractor/99|Purple Wave Refractor/75|Gold Wave Refractor/50|Orange Wave Refractor/25
2025-26,2025-26-topps-chrome,Topps Chrome,263,Derik Queen,New Orleans Pelicans,true,Base|Image Variation|Refractor|Prism Refractor|Negative Refractor|Magenta Refractor/399|Teal Refractor/299|Yellow Refractor/275|Aqua Refractor/199|Blue Refractor/150|Green Refractor/99|Purple Refractor/75|Gold Refractor/50|Orange Refractor/25|Black Refractor/10|Red Refractor/5|FrozenFractor/5|Superfractor/1|Blue Wave Refractor/150|Green Wave Refractor/99|Purple Wave Refractor/75|Gold Wave Refractor/50|Orange Wave Refractor/25
2025-26,2025-26-topps-chrome,Topps Chrome,264,Carter Bryant,San Antonio Spurs,true,Base|Refractor|Prism Refractor|Negative Refractor|Magenta Refractor/399|Teal Refractor/299|Yellow Refractor/275|Aqua Refractor/199|Blue Refractor/150|Green Refractor/99|Purple Refractor/75|Gold Refractor/50|Orange Refractor/25|Black Refractor/10|Red Refractor/5|FrozenFractor/5|Superfractor/1|Blue Wave Refractor/150|Green Wave Refractor/99|Purple Wave Refractor/75|Gold Wave Refractor/50|Orange Wave Refractor/25
2025-26,2025-26-topps-chrome,Topps Chrome,265,Thomas Sorber,Oklahoma City Thunder,true,Base|Refractor|Prism Refractor|Negative Refractor|Magenta Refractor/399|Teal Refractor/299|Yellow Refractor/275|Aqua Refractor/199|Blue Refractor/150|Green Refractor/99|Purple Refractor/75|Gold Refractor/50|Orange Refractor/25|Black Refractor/10|Red Refractor/5|FrozenFractor/5|Superfractor/1|Blue Wave Refractor/150|Green Wave Refractor/99|Purple Wave Refractor/75|Gold Wave Refractor/50|Orange Wave Refractor/25
2025-26,2025-26-topps-chrome,Topps Chrome,266,Yang Hansen,Portland Trail Blazers,true,Base|Image Variation|Refractor|Prism Refractor|Negative Refractor|Magenta Refractor/399|Teal Refractor/299|Yellow Refractor/275|Aqua Refractor/199|Blue Refractor/150|Green Refractor/99|Purple Refractor/75|Gold Refractor/50|Orange Refractor/25|Black Refractor/10|Red Refractor/5|FrozenFractor/5|Superfractor/1|Blue Wave Refractor/150|Green Wave Refractor/99|Purple Wave Refractor/75|Gold Wave Refractor/50|Orange Wave Refractor/25
2025-26,2025-26-topps-chrome,Topps Chrome,267,Joan Beringer,Minnesota Timberwolves,true,Base|Refractor|Prism Refractor|Negative Refractor|Magenta Refractor/399|Teal Refractor/299|Yellow Refractor/275|Aqua Refractor/199|Blue Refractor/150|Green Refractor/99|Purple Refractor/75|Gold Refractor/50|Orange Refractor/25|Black Refractor/10|Red Refractor/5|FrozenFractor/5|Superfractor/1|Blue Wave Refractor/150|Green Wave Refractor/99|Purple Wave Refractor/75|Gold Wave Refractor/50|Orange Wave Refractor/25
2025-26,2025-26-topps-chrome,Topps Chrome,268,Walter Clayton Jr.,Utah Jazz,true,Base|Image Variation|Refractor|Prism Refractor|Negative Refractor|Magenta Refractor/399|Teal Refractor/299|Yellow Refractor/275|Aqua Refractor/199|Blue Refractor/150|Green Refractor/99|Purple Refractor/75|Gold Refractor/50|Orange Refractor/25|Black Refractor/10|Red Refractor/5|FrozenFractor/5|Superfractor/1|Blue Wave Refractor/150|Green Wave Refractor/99|Purple Wave Refractor/75|Gold Wave Refractor/50|Orange Wave Refractor/25
2025-26,2025-26-topps-chrome,Topps Chrome,269,Nolan Traore,Brooklyn Nets,true,Base|Image Variation|Refractor|Prism Refractor|Negative Refractor|Magenta Refractor/399|Teal Refractor/299|Yellow Refractor/275|Aqua Refractor/199|Blue Refractor/150|Green Refractor/99|Purple Refractor/75|Gold Refractor/50|Orange Refractor/25|Black Refractor/10|Red Refractor/5|FrozenFractor/5|Superfractor/1|Blue Wave Refractor/150|Green Wave Refractor/99|Purple Wave Refractor/75|Gold Wave Refractor/50|Orange Wave Refractor/25
2025-26,2025-26-topps-chrome,Topps Chrome,270,Kasparas Jakučionis,Miami Heat,true,Base|Image Variation|Refractor|Prism Refractor|Negative Refractor|Magenta Refractor/399|Teal Refractor/299|Yellow Refractor/275|Aqua Refractor/199|Blue Refractor/150|Green Refractor/99|Purple Refractor/75|Gold Refractor/50|Orange Refractor/25|Black Refractor/10|Red Refractor/5|FrozenFractor/5|Superfractor/1|Blue Wave Refractor/150|Green Wave Refractor/99|Purple Wave Refractor/75|Gold Wave Refractor/50|Orange Wave Refractor/25
2025-26,2025-26-topps-chrome,Topps Chrome,271,Will Riley,Washington Wizards,true,Base|Image Variation|Refractor|Prism Refractor|Negative Refractor|Magenta Refractor/399|Teal Refractor/299|Yellow Refractor/275|Aqua Refractor/199|Blue Refractor/150|Green Refractor/99|Purple Refractor/75|Gold Refractor/50|Orange Refractor/25|Black Refractor/10|Red Refractor/5|FrozenFractor/5|Superfractor/1|Blue Wave Refractor/150|Green Wave Refractor/99|Purple Wave Refractor/75|Gold Wave Refractor/50|Orange Wave Refractor/25
2025-26,2025-26-topps-chrome,Topps Chrome,272,Drake Powell,Brooklyn Nets,true,Base|Image Variation|Refractor|Prism Refractor|Negative Refractor|Magenta Refractor/399|Teal Refractor/299|Yellow Refractor/275|Aqua Refractor/199|Blue Refractor/150|Green Refractor/99|Purple Refractor/75|Gold Refractor/50|Orange Refractor/25|Black Refractor/10|Red Refractor/5|FrozenFractor/5|Superfractor/1|Blue Wave Refractor/150|Green Wave Refractor/99|Purple Wave Refractor/75|Gold Wave Refractor/50|Orange Wave Refractor/25
2025-26,2025-26-topps-chrome,Topps Chrome,273,Asa Newell,Atlanta Hawks,true,Base|Image Variation|Refractor|Prism Refractor|Negative Refractor|Magenta Refractor/399|Teal Refractor/299|Yellow Refractor/275|Aqua Refractor/199|Blue Refractor/150|Green Refractor/99|Purple Refractor/75|Gold Refractor/50|Orange Refractor/25|Black Refractor/10|Red Refractor/5|FrozenFractor/5|Superfractor/1|Blue Wave Refractor/150|Green Wave Refractor/99|Purple Wave Refractor/75|Gold Wave Refractor/50|Orange Wave Refractor/25
2025-26,2025-26-topps-chrome,Topps Chrome,274,Nique Clifford,Sacramento Kings,true,Base|Image Variation|Refractor|Prism Refractor|Negative Refractor|Magenta Refractor/399|Teal Refractor/299|Yellow Refractor/275|Aqua Refractor/199|Blue Refractor/150|Green Refractor/99|Purple Refractor/75|Gold Refractor/50|Orange Refractor/25|Black Refractor/10|Red Refractor/5|FrozenFractor/5|Superfractor/1|Blue Wave Refractor/150|Green Wave Refractor/99|Purple Wave Refractor/75|Gold Wave Refractor/50|Orange Wave Refractor/25
2025-26,2025-26-topps-chrome,Topps Chrome,275,Jase Richardson,Orlando Magic,true,Base|Image Variation|Refractor|Prism Refractor|Negative Refractor|Magenta Refractor/399|Teal Refractor/299|Yellow Refractor/275|Aqua Refractor/199|Blue Refractor/150|Green Refractor/99|Purple Refractor/75|Gold Refractor/50|Orange Refractor/25|Black Refractor/10|Red Refractor/5|FrozenFractor/5|Superfractor/1|Blue Wave Refractor/150|Green Wave Refractor/99|Purple Wave Refractor/75|Gold Wave Refractor/50|Orange Wave Refractor/25
2025-26,2025-26-topps-chrome,Topps Chrome,276,Ben Saraf,Brooklyn Nets,true,Base|Refractor|Prism Refractor|Negative Refractor|Magenta Refractor/399|Teal Refractor/299|Yellow Refractor/275|Aqua Refractor/199|Blue Refractor/150|Green Refractor/99|Purple Refractor/75|Gold Refractor/50|Orange Refractor/25|Black Refractor/10|Red Refractor/5|FrozenFractor/5|Superfractor/1|Blue Wave Refractor/150|Green Wave Refractor/99|Purple Wave Refractor/75|Gold Wave Refractor/50|Orange Wave Refractor/25
2025-26,2025-26-topps-chrome,Topps Chrome,277,Danny Wolf,Brooklyn Nets,true,Base|Image Variation|Refractor|Prism Refractor|Negative Refractor|Magenta Refractor/399|Teal Refractor/299|Yellow Refractor/275|Aqua Refractor/199|Blue Refractor/150|Green Refractor/99|Purple Refractor/75|Gold Refractor/50|Orange Refractor/25|Black Refractor/10|Red Refractor/5|FrozenFractor/5|Superfractor/1|Blue Wave Refractor/150|Green Wave Refractor/99|Purple Wave Refractor/75|Gold Wave Refractor/50|Orange Wave Refractor/25
2025-26,2025-26-topps-chrome,Topps Chrome,278,Hugo González,Boston Celtics,true,Base|Image Variation|Refractor|Prism Refractor|Negative Refractor|Magenta Refractor/399|Teal Refractor/299|Yellow Refractor/275|Aqua Refractor/199|Blue Refractor/150|Green Refractor/99|Purple Refractor/75|Gold Refractor/50|Orange Refractor/25|Black Refractor/10|Red Refractor/5|FrozenFractor/5|Superfractor/1|Blue Wave Refractor/150|Green Wave Refractor/99|Purple Wave Refractor/75|Gold Wave Refractor/50|Orange Wave Refractor/25
2025-26,2025-26-topps-chrome,Topps Chrome,279,Liam McNeeley,Charlotte Hornets,true,Base|Image Variation|Refractor|Prism Refractor|Negative Refractor|Magenta Refractor/399|Teal Refractor/299|Yellow Refractor/275|Aqua Refractor/199|Blue Refractor/150|Green Refractor/99|Purple Refractor/75|Gold Refractor/50|Orange Refractor/25|Black Refractor/10|Red Refractor/5|FrozenFractor/5|Superfractor/1|Blue Wave Refractor/150|Green Wave Refractor/99|Purple Wave Refractor/75|Gold Wave Refractor/50|Orange Wave Refractor/25
2025-26,2025-26-topps-chrome,Topps Chrome,280,Yanic Konan-Niederhäuser,Los Angeles Clippers,true,Base|Refractor|Prism Refractor|Negative Refractor|Magenta Refractor/399|Teal Refractor/299|Yellow Refractor/275|Aqua Refractor/199|Blue Refractor/150|Green Refractor/99|Purple Refractor/75|Gold Refractor/50|Orange Refractor/25|Black Refractor/10|Red Refractor/5|FrozenFractor/5|Superfractor/1|Blue Wave Refractor/150|Green Wave Refractor/99|Purple Wave Refractor/75|Gold Wave Refractor/50|Orange Wave Refractor/25
2025-26,2025-26-topps-chrome,Topps Chrome,281,Rasheer Fleming,Phoenix Suns,true,Base|Refractor|Prism Refractor|Negative Refractor|Magenta Refractor/399|Teal Refractor/299|Yellow Refractor/275|Aqua Refractor/199|Blue Refractor/150|Green Refractor/99|Purple Refractor/75|Gold Refractor/50|Orange Refractor/25|Black Refractor/10|Red Refractor/5|FrozenFractor/5|Superfractor/1|Blue Wave Refractor/150|Green Wave Refractor/99|Purple Wave Refractor/75|Gold Wave Refractor/50|Orange Wave Refractor/25
2025-26,2025-26-topps-chrome,Topps Chrome,282,Noah Penda,Orlando Magic,true,Base|Refractor|Prism Refractor|Negative Refractor|Magenta Refractor/399|Teal Refractor/299|Yellow Refractor/275|Aqua Refractor/199|Blue Refractor/150|Green Refractor/99|Purple Refractor/75|Gold Refractor/50|Orange Refractor/25|Black Refractor/10|Red Refractor/5|FrozenFractor/5|Superfractor/1|Blue Wave Refractor/150|Green Wave Refractor/99|Purple Wave Refractor/75|Gold Wave Refractor/50|Orange Wave Refractor/25
2025-26,2025-26-topps-chrome,Topps Chrome,283,Sion James,Charlotte Hornets,true,Base|Refractor|Prism Refractor|Negative Refractor|Magenta Refractor/399|Teal Refractor/299|Yellow Refractor/275|Aqua Refractor/199|Blue Refractor/150|Green Refractor/99|Purple Refractor/75|Gold Refractor/50|Orange Refractor/25|Black Refractor/10|Red Refractor/5|FrozenFractor/5|Superfractor/1|Blue Wave Refractor/150|Green Wave Refractor/99|Purple Wave Refractor/75|Gold Wave Refractor/50|Orange Wave Refractor/25
2025-26,2025-26-topps-chrome,Topps Chrome,284,Ryan Kalkbrenner,Charlotte Hornets,true,Base|Refractor|Prism Refractor|Negative Refractor|Magenta Refractor/399|Teal Refractor/299|Yellow Refractor/275|Aqua Refractor/199|Blue Refractor/150|Green Refractor/99|Purple Refractor/75|Gold Refractor/50|Orange Refractor/25|Black Refractor/10|Red Refractor/5|FrozenFractor/5|Superfractor/1|Blue Wave Refractor/150|Green Wave Refractor/99|Purple Wave Refractor/75|Gold Wave Refractor/50|Orange Wave Refractor/25
2025-26,2025-26-topps-chrome,Topps Chrome,285,Johni Broome,Philadelphia 76ers,true,Base|Refractor|Prism Refractor|Negative Refractor|Magenta Refractor/399|Teal Refractor/299|Yellow Refractor/275|Aqua Refractor/199|Blue Refractor/150|Green Refractor/99|Purple Refractor/75|Gold Refractor/50|Orange Refractor/25|Black Refractor/10|Red Refractor/5|FrozenFractor/5|Superfractor/1|Blue Wave Refractor/150|Green Wave Refractor/99|Purple Wave Refractor/75|Gold Wave Refractor/50|Orange Wave Refractor/25
2025-26,2025-26-topps-chrome,Topps Chrome,286,Adou Thiero,Los Angeles Lakers,true,Base|Refractor|Prism Refractor|Negative Refractor|Magenta Refractor/399|Teal Refractor/299|Yellow Refractor/275|Aqua Refractor/199|Blue Refractor/150|Green Refractor/99|Purple Refractor/75|Gold Refractor/50|Orange Refractor/25|Black Refractor/10|Red Refractor/5|FrozenFractor/5|Superfractor/1|Blue Wave Refractor/150|Green Wave Refractor/99|Purple Wave Refractor/75|Gold Wave Refractor/50|Orange Wave Refractor/25
2025-26,2025-26-topps-chrome,Topps Chrome,287,Will Richard,Golden State Warriors,true,Base|Refractor|Prism Refractor|Negative Refractor|Magenta Refractor/399|Teal Refractor/299|Yellow Refractor/275|Aqua Refractor/199|Blue Refractor/150|Green Refractor/99|Purple Refractor/75|Gold Refractor/50|Orange Refractor/25|Black Refractor/10|Red Refractor/5|FrozenFractor/5|Superfractor/1|Blue Wave Refractor/150|Green Wave Refractor/99|Purple Wave Refractor/75|Gold Wave Refractor/50|Orange Wave Refractor/25
2025-26,2025-26-topps-chrome,Topps Chrome,288,Chaz Lanier,Detroit Pistons,true,Base|Refractor|Prism Refractor|Negative Refractor|Magenta Refractor/399|Teal Refractor/299|Yellow Refractor/275|Aqua Refractor/199|Blue Refractor/150|Green Refractor/99|Purple Refractor/75|Gold Refractor/50|Orange Refractor/25|Black Refractor/10|Red Refractor/5|FrozenFractor/5|Superfractor/1|Blue Wave Refractor/150|Green Wave Refractor/99|Purple Wave Refractor/75|Gold Wave Refractor/50|Orange Wave Refractor/25
2025-26,2025-26-topps-chrome,Topps Chrome,289,Kam Jones,Indiana Pacers,true,Base|Refractor|Prism Refractor|Negative Refractor|Magenta Refractor/399|Teal Refractor/299|Yellow Refractor/275|Aqua Refractor/199|Blue Refractor/150|Green Refractor/99|Purple Refractor/75|Gold Refractor/50|Orange Refractor/25|Black Refractor/10|Red Refractor/5|FrozenFractor/5|Superfractor/1|Blue Wave Refractor/150|Green Wave Refractor/99|Purple Wave Refractor/75|Gold Wave Refractor/50|Orange Wave Refractor/25
2025-26,2025-26-topps-chrome,Topps Chrome,290,Alijah Martin,Toronto Raptors,true,Base|Refractor|Prism Refractor|Negative Refractor|Magenta Refractor/399|Teal Refractor/299|Yellow Refractor/275|Aqua Refractor/199|Blue Refractor/150|Green Refractor/99|Purple Refractor/75|Gold Refractor/50|Orange Refractor/25|Black Refractor/10|Red Refractor/5|FrozenFractor/5|Superfractor/1|Blue Wave Refractor/150|Green Wave Refractor/99|Purple Wave Refractor/75|Gold Wave Refractor/50|Orange Wave Refractor/25
2025-26,2025-26-topps-chrome,Topps Chrome,291,Micah Peavy,New Orleans Pelicans,true,Base|Refractor|Prism Refractor|Negative Refractor|Magenta Refractor/399|Teal Refractor/299|Yellow Refractor/275|Aqua Refractor/199|Blue Refractor/150|Green Refractor/99|Purple Refractor/75|Gold Refractor/50|Orange Refractor/25|Black Refractor/10|Red Refractor/5|FrozenFractor/5|Superfractor/1|Blue Wave Refractor/150|Green Wave Refractor/99|Purple Wave Refractor/75|Gold Wave Refractor/50|Orange Wave Refractor/25
2025-26,2025-26-topps-chrome,Topps Chrome,292,Koby Brea,Phoenix Suns,true,Base|Refractor|Prism Refractor|Negative Refractor|Magenta Refractor/399|Teal Refractor/299|Yellow Refractor/275|Aqua Refractor/199|Blue Refractor/150|Green Refractor/99|Purple Refractor/75|Gold Refractor/50|Orange Refractor/25|Black Refractor/10|Red Refractor/5|FrozenFractor/5|Superfractor/1|Blue Wave Refractor/150|Green Wave Refractor/99|Purple Wave Refractor/75|Gold Wave Refractor/50|Orange Wave Refractor/25
2025-26,2025-26-topps-chrome,Topps Chrome,293,Maxime Raynaud,Sacramento Kings,true,Base|Refractor|Prism Refractor|Negative Refractor|Magenta Refractor/399|Teal Refractor/299|Yellow Refractor/275|Aqua Refractor/199|Blue Refractor/150|Green Refractor/99|Purple Refractor/75|Gold Refractor/50|Orange Refractor/25|Black Refractor/10|Red Refractor/5|FrozenFractor/5|Superfractor/1|Blue Wave Refractor/150|Green Wave Refractor/99|Purple Wave Refractor/75|Gold Wave Refractor/50|Orange Wave Refractor/25
2025-26,2025-26-topps-chrome,Topps Chrome,294,Jamir Watkins,Washington Wizards,true,Base|Refractor|Prism Refractor|Negative Refractor|Magenta Refractor/399|Teal Refractor/299|Yellow Refractor/275|Aqua Refractor/199|Blue Refractor/150|Green Refractor/99|Purple Refractor/75|Gold Refractor/50|Orange Refractor/25|Black Refractor/10|Red Refractor/5|FrozenFractor/5|Superfractor/1|Blue Wave Refractor/150|Green Wave Refractor/99|Purple Wave Refractor/75|Gold Wave Refractor/50|Orange Wave Refractor/25
2025-26,2025-26-topps-chrome,Topps Chrome,295,Brooks Barnhizer,Oklahoma City Thunder,true,Base|Refractor|Prism Refractor|Negative Refractor|Magenta Refractor/399|Teal Refractor/299|Yellow Refractor/275|Aqua Refractor/199|Blue Refractor/150|Green Refractor/99|Purple Refractor/75|Gold Refractor/50|Orange Refractor/25|Black Refractor/10|Red Refractor/5|FrozenFractor/5|Superfractor/1|Blue Wave Refractor/150|Green Wave Refractor/99|Purple Wave Refractor/75|Gold Wave Refractor/50|Orange Wave Refractor/25
2025-26,2025-26-topps-chrome,Topps Chrome,296,Rocco Zikarsky,Minnesota Timberwolves,true,Base|Refractor|Prism Refractor|Negative Refractor|Magenta Refractor/399|Teal Refractor/299|Yellow Refractor/275|Aqua Refractor/199|Blue Refractor/150|Green Refractor/99|Purple Refractor/75|Gold Refractor/50|Orange Refractor/25|Black Refractor/10|Red Refractor/5|FrozenFractor/5|Superfractor/1|Blue Wave Refractor/150|Green Wave Refractor/99|Purple Wave Refractor/75|Gold Wave Refractor/50|Orange Wave Refractor/25
2025-26,2025-26-topps-chrome,Topps Chrome,297,Amari Williams,Boston Celtics,true,Base|Refractor|Prism Refractor|Negative Refractor|Magenta Refractor/399|Teal Refractor/299|Yellow Refractor/275|Aqua Refractor/199|Blue Refractor/150|Green Refractor/99|Purple Refractor/75|Gold Refractor/50|Orange Refractor/25|Black Refractor/10|Red Refractor/5|FrozenFractor/5|Superfractor/1|Blue Wave Refractor/150|Green Wave Refractor/99|Purple Wave Refractor/75|Gold Wave Refractor/50|Orange Wave Refractor/25
2025-26,2025-26-topps-chrome,Topps Chrome,298,Alex Toohey,Golden State Warriors,true,Base|Refractor|Prism Refractor|Negative Refractor|Magenta Refractor/399|Teal Refractor/299|Yellow Refractor/275|Aqua Refractor/199|Blue Refractor/150|Green Refractor/99|Purple Refractor/75|Gold Refractor/50|Orange Refractor/25|Black Refractor/10|Red Refractor/5|FrozenFractor/5|Superfractor/1|Blue Wave Refractor/150|Green Wave Refractor/99|Purple Wave Refractor/75|Gold Wave Refractor/50|Orange Wave Refractor/25
2025-26,2025-26-topps-chrome,Topps Chrome,299,Javon Small,Memphis Grizzlies,true,Base|Refractor|Prism Refractor|Negative Refractor|Magenta Refractor/399|Teal Refractor/299|Yellow Refractor/275|Aqua Refractor/199|Blue Refractor/150|Green Refractor/99|Purple Refractor/75|Gold Refractor/50|Orange Refractor/25|Black Refractor/10|Red Refractor/5|FrozenFractor/5|Superfractor/1|Blue Wave Refractor/150|Green Wave Refractor/99|Purple Wave Refractor/75|Gold Wave Refractor/50|Orange Wave Refractor/25
2025-26,2025-26-topps-chrome,Topps Chrome,300,Tyrese Proctor,Cleveland Cavaliers,true,Base|Refractor|Prism Refractor|Negative Refractor|Magenta Refractor/399|Teal Refractor/299|Yellow Refractor/275|Aqua Refractor/199|Blue Refractor/150|Green Refractor/99|Purple Refractor/75|Gold Refractor/50|Orange Refractor/25|Black Refractor/10|Red Refractor/5|FrozenFractor/5|Superfractor/1|Blue Wave Refractor/150|Green Wave Refractor/99|Purple Wave Refractor/75|Gold Wave Refractor/50|Orange Wave Refractor/25
